cid,canonical_smiles,isomeric_smiles,Active_compound_name
101286217,CCN1CC2(CCC(C34C2CC(C31)C56C4CC(C(C5)C(=C)C6OC(=O)C)O)O)C,CCN1C[C@@]2(CC[C@@H]([C@@]34[C@@H]2CC(C31)[C@]56[C@H]4C[C@@H]([C@H](C5)C(=C)[C@H]6OC(=O)C)O)O)C,Lucidusculine
138756681,CCN1CC2(CCC(C34C2CC(C31)C56C4CC(C(C5)C(=C)C6OC(=O)C)O)O)C,CCN1C[C@@]2(CC[C@@H]([C@@]34[C@@H]2CC(C31)C56[C@H]4C[C@@H]([C@H](C5)C(=C)[C@H]6OC(=O)C)O)O)C,Lucidusculine
5280445,C1=CC(=C(C=C1C2=CC(=O)C3=C(C=C(C=C3O2)O)O)O)O,C1=CC(=C(C=C1C2=CC(=O)C3=C(C=C(C=C3O2)O)O)O)O,luteolin
222284,CCC(CCC(C)C1CCC2C1(CCC3C2CC=C4C3(CCC(C4)O)C)C)C(C)C,CC[C@H](CC[C@@H](C)[C@H]1CC[C@@H]2[C@@]1(CC[C@H]3[C@H]2CC=C4[C@@]3(CC[C@@H](C4)O)C)C)C(C)C,beta-sitosterol
5280863,C1=CC(=CC=C1C2=C(C(=O)C3=C(C=C(C=C3O2)O)O)O)O,C1=CC(=CC=C1C2=C(C(=O)C3=C(C=C(C=C3O2)O)O)O)O,kaempferol
5280343,C1=CC(=C(C=C1C2=C(C(=O)C3=C(C=C(C=C3O2)O)O)O)O)O,C1=CC(=C(C=C1C2=C(C(=O)C3=C(C=C(C=C3O2)O)O)O)O)O,quercetin
10531060,CC=C1C(C(=COC1OC2C(C(C(C(O2)CO)O)O)O)C(=O)OC)CC(=O)OCCC3=CC(=C(C=C3)OC)OC,C/C=C/1\[C@@H](C(=CO[C@H]1O[C@H]2[C@@H]([C@H]([C@@H]([C@H](O2)CO)O)O)O)C(=O)OC)CC(=O)OCCC3=CC(=C(C=C3)OC)OC,Lucidumoside D
439533,C1=CC(=C(C=C1C2C(C(=O)C3=C(C=C(C=C3O2)O)O)O)O)O,C1=CC(=C(C=C1[C@@H]2[C@H](C(=O)C3=C(C=C(C=C3O2)O)O)O)O)O,taxifolin
94348,CC1C(C(CC(O1)OC2CCC3(C4CCC5(C(CCC5(C4CCC3(C2)O)O)C6=CC(=O)OC6)C)C=O)O)OC7C(C(C(C(O7)CO)O)O)O,C[C@@H]1[C@@H]([C@H](C[C@@H](O1)O[C@H]2CC[C@@]3([C@H]4CC[C@@]5([C@H](CC[C@@]5([C@@H]4CC[C@@]3(C2)O)O)C6=CC(=O)OC6)C)C=O)O)O[C@H]7[C@@H]([C@H]([C@@H]([C@H](O7)CO)O)O)O,Olitoriside
3587049,CC1C(C(CC(O1)OC2CCC3(C4CCC5(C(CCC5(C4CCC3(C2)O)O)C6=CC(=O)OC6)C)C=O)O)OC7C(C(C(C(O7)CO)O)O)O,CC1C(C(CC(O1)OC2CCC3(C4CCC5(C(CCC5(C4CCC3(C2)O)O)C6=CC(=O)OC6)C)C=O)O)OC7C(C(C(C(O7)CO)O)O)O,Olitoriside
139291929,CC1C(C(CC(O1)OC2CCC3(C4CCC5(C(CCC5(C4CCC3(C2)O)O)C6=CC(=O)OC6)C)C=O)O)OC7C(C(C(C(O7)CO)O)O)O,C[C@@H]1C([C@H](C[C@@H](O1)OC2CC[C@@]3(C4CC[C@@]5(C(CCC5(C4CCC3(C2)O)O)C6=CC(=O)OC6)C)C=O)O)OC7[C@@H]([C@H]([C@@H]([C@H](O7)CO)O)O)O,Olitoriside
440735,C1C(OC2=CC(=CC(=C2C1=O)O)O)C3=CC(=C(C=C3)O)O,C1[C@H](OC2=CC(=CC(=C2C1=O)O)O)C3=CC(=C(C=C3)O)O,eriodictyol
73299,CC1(CCC2(CCC3(C(=CCC4C3(CCC5C4(CCC(C5(C)CO)O)C)C)C2C1)C)C(=O)O)C,C[C@]12CC[C@@H]([C@@]([C@@H]1CC[C@@]3([C@@H]2CC=C4[C@]3(CC[C@@]5([C@H]4CC(CC5)(C)C)C(=O)O)C)C)(C)CO)O,hederagenin
222284,CCC(CCC(C)C1CCC2C1(CCC3C2CC=C4C3(CCC(C4)O)C)C)C(C)C,CC[C@H](CC[C@@H](C)[C@H]1CC[C@@H]2[C@@]1(CC[C@H]3[C@H]2CC=C4[C@@]3(CC[C@@H](C4)O)C)C)C(C)C,beta-sitosterol
5280378,COC1=CC=C(C=C1)C2=COC3=C(C2=O)C=CC(=C3)O,COC1=CC=C(C=C1)C2=COC3=C(C2=O)C=CC(=C3)O,formononetin
5280448,COC1=C(C=C(C=C1)C2=COC3=C(C2=O)C=CC(=C3)O)O,COC1=C(C=C(C=C1)C2=COC3=C(C2=O)C=CC(=C3)O)O,Calycosin
5280794,CCC(C=CC(C)C1CCC2C1(CCC3C2CC=C4C3(CCC(C4)O)C)C)C(C)C,CC[C@H](/C=C/[C@@H](C)[C@H]1CC[C@@H]2[C@@]1(CC[C@H]3[C@H]2CC=C4[C@@]3(CC[C@@H](C4)O)C)C)C(C)C,Stigmasterol
160608,CCC(CCC(C)C1CCC2C1(CCC3C2C(=O)C=C4C3(CCC(C4)O)C)C)C(C)C,CC[C@H](CC[C@@H](C)[C@H]1CC[C@@H]2[C@@]1(CC[C@H]3[C@H]2C(=O)C=C4[C@@]3(CC[C@@H](C4)O)C)C)C(C)C,3-Hydroxystigmast-5-en-7-one
14779505,CCC(CCC(C)C1CCC2C1(CCC3C2C(=O)C=C4C3(CCC(C4)O)C)C)C(C)C,CCC(CCC(C)C1CCC2C1(CCC3C2C(=O)C=C4C3(CCC(C4)O)C)C)C(C)C,3-Hydroxystigmast-5-en-7-one
21123857,CCC(CCC(C)C1CCC2C1(CCC3C2C(=O)C=C4C3(CCC(C4)O)C)C)C(C)C,CC[C@H](CC[C@@H](C)[C@H]1CC[C@@H]2[C@@]1(CC[C@H]3[C@H]2C(=O)C=C4[C@@]3(CCC(C4)O)C)C)C(C)C,3-Hydroxystigmast-5-en-7-one
134611735,CCC(CCC(C)C1CCC2C1(CCC3C2C(=O)C=C4C3(CCC(C4)O)C)C)C(C)C,CC[C@H](CC[C@@H](C)[C@@H]1CC[C@@H]2[C@@]1(CC[C@@H]3[C@H]2C(=O)C=C4[C@]3(CC[C@@H](C4)O)C)C)C(C)C,3-Hydroxystigmast-5-en-7-one
10207,C1=CC2=C(C(=C1)O)C(=O)C3=C(C2=O)C=C(C=C3O)CO,C1=CC2=C(C(=C1)O)C(=O)C3=C(C2=O)C=C(C=C3O)CO,aloe-emodin
73386,COC1=CC(=CC(=C1O)O)C2=[O+]C3=CC(=CC(=C3C=C2O)O)O.[Cl-],COC1=CC(=CC(=C1O)O)C2=[O+]C3=CC(=CC(=C3C=C2O)O)O.[Cl-],petunidin
441774,COC1=CC(=CC(=C1O)O)C2=[O+]C3=CC(=CC(=C3C=C2O)O)O,COC1=CC(=CC(=C1O)O)C2=[O+]C3=CC(=CC(=C3C=C2O)O)O,petunidin
9064,C1C(C(OC2=CC(=CC(=C21)O)O)C3=CC(=C(C=C3)O)O)O,C1[C@@H]([C@H](OC2=CC(=CC(=C21)O)O)C3=CC(=C(C=C3)O)O)O,(+)-catechin
173183,CC(C)C(C)CCC(C)C1CCC2C1(CCC3C2CC=C4C3(CCC(C4)O)C)C,C[C@H](CC[C@@H](C)C(C)C)[C@H]1CC[C@@H]2[C@@]1(CC[C@H]3[C@H]2CC=C4[C@@]3(CC[C@@H](C4)O)C)C,campesterol
312822,CC(C)C(C)CCC(C)C1CCC2C1(CCC3C2CC=C4C3(CCC(C4)O)C)C,CC(C)C(C)CCC(C)C1CCC2C1(CCC3C2CC=C4C3(CCC(C4)O)C)C,campesterol
5283637,CC(C)C(C)CCC(C)C1CCC2C1(CCC3C2CC=C4C3(CCC(C4)O)C)C,C[C@H](CC[C@H](C)C(C)C)[C@H]1CC[C@@H]2[C@@]1(CC[C@H]3[C@H]2CC=C4[C@@]3(CC[C@@H](C4)O)C)C,campesterol
6428659,CC(C)C(C)CCC(C)C1CCC2C1(CCC3C2CC=C4C3(CCC(C4)O)C)C,CC(C)C(C)CCC(C)C1CCC2C1(CCC3C2CC=C4C3(CC[C@@H](C4)O)C)C,campesterol
134766514,CC(C)C(C)CCC(C)C1CCC2C1(CCC3C2CC=C4C3(CCC(C4)O)C)C,C[C@H](CC[C@@H](C)C(C)C)[C@H]1CC[C@@H]2C1(CC[C@H]3[C@H]2CC=C4C3(CC[C@@H](C4)O)C)C,campesterol
5318998,CC(C)(C=C)C1=C(C=C(C(=C1)C=CC(=O)C2=CC=C(C=C2)O)OC)O,CC(C)(C=C)C1=C(C=C(C(=C1)/C=C/C(=O)C2=CC=C(C=C2)O)OC)O,licochalcone a
92503,COC1=CC(=C(C=C1)C2CC3=C(C=C(C=C3)O)OC2)O,COC1=CC(=C(C=C1)C2CC3=C(C=C(C=C3)O)OC2)O,Vestitol
5281706,COC1=CC(=C2C(=C1)OC=C(C2=O)C3=C(C=C(C=C3)O)O)O,COC1=CC(=C2C(=C1)OC=C(C2=O)C3=C(C=C(C=C3)O)O)O,Cajinin
5319322,C1OC2=C(O1)C=C3C(=C2)C4=C(O3)C5=C(C=C(C=C5)O)OC4=O,C1OC2=C(O1)C=C3C(=C2)C4=C(O3)C5=C(C=C(C=C5)O)OC4=O,Medicagol
644020,C1CCN2CC3CC(C2C1)CN4C3CCCC4,C1CCN2C[C@@H]3C[C@H]([C@H]2C1)CN4[C@H]3CCCC4,Lupinidine
7014,C1CCN2CC3CC(C2C1)CN4C3CCCC4,C1CCN2C[C@H]3C[C@@H]([C@H]2C1)CN4[C@H]3CCCC4,Lupinidine
3966,C1CCN2CC3CC(C2C1)CN4C3CCCC4,C1CCN2CC3CC(C2C1)CN4C3CCCC4,Lupinidine
168213,C1CCN2CC3CC(C2C1)CN4C3CCCC4,C1CCN2C[C@@H]3C[C@H]([C@@H]2C1)CN4[C@H]3CCCC4,Lupinidine
6452127,C1CCN2CC3CC(C2C1)CN4C3CCCC4,C1CCN2C[C@H]3C[C@H]([C@H]2C1)CN4[C@H]3CCCC4,Lupinidine
5281805,C1OC2=C(O1)C=C(C=C2)C3=COC4=C(C3=O)C=CC(=C4)O,C1OC2=C(O1)C=C(C=C2)C3=COC4=C(C3=O)C=CC(=C4)O,Psi-Baptigenin
5280445,C1=CC(=C(C=C1C2=CC(=O)C3=C(C=C(C=C3O2)O)O)O)O,C1=CC(=C(C=C1C2=CC(=O)C3=C(C=C(C=C3O2)O)O)O)O,luteolin
64971,CC(=C)C1CCC2(C1C3CCC4C5(CCC(C(C5CCC4(C3(CC2)C)C)(C)C)O)C)C(=O)O,CC(=C)[C@@H]1CC[C@]2([C@H]1[C@H]3CC[C@@H]4[C@]5(CC[C@@H](C([C@@H]5CC[C@]4([C@@]3(CC2)C)C)(C)C)O)C)C(=O)O,Mairin
5318869,COC1=CC(=C2C(=C1)OC(=C(C2=O)OC)C3=CC=C(C=C3)O)O,COC1=CC(=C2C(=C1)OC(=C(C2=O)OC)C3=CC=C(C=C3)O)O,Jaranol
73299,CC1(CCC2(CCC3(C(=CCC4C3(CCC5C4(CCC(C5(C)CO)O)C)C)C2C1)C)C(=O)O)C,C[C@]12CC[C@@H]([C@@]([C@@H]1CC[C@@]3([C@@H]2CC=C4[C@]3(CC[C@@]5([C@H]4CC(CC5)(C)C)C(=O)O)C)C)(C)CO)O,hederagenin
5281654,COC1=C(C=CC(=C1)C2=C(C(=O)C3=C(C=C(C=C3O2)O)O)O)O,COC1=C(C=CC(=C1)C2=C(C(=O)C3=C(C=C(C=C3O2)O)O)O)O,isorhamnetin
15689655,COC1=CC2=C(C=C1)C3C(CO2)C4=C(O3)C(=C(C=C4)OC)OC,COC1=CC2=C(C=C1)[C@H]3[C@@H](CO2)C4=C(O3)C(=C(C=C4)OC)OC,"3,9-di-O-methylnissolin"
15689652,COC1=CC2=C(CC(CO2)C3=C(C(=C(C=C3)OC)OC)O)C=C1,COC1=CC2=C(C[C@@H](CO2)C3=C(C(=C(C=C3)OC)OC)O)C=C1,7-O-methylisomucronulatol
108213,COC1=C2C(=C(C(=C1)C(=O)OC)C3=C4C(=C(C=C3C(=O)OC)OC)OCO4)OCO2,COC1=C2C(=C(C(=C1)C(=O)OC)C3=C4C(=C(C=C3C(=O)OC)OC)OCO4)OCO2,Bifendate
5280378,COC1=CC=C(C=C1)C2=COC3=C(C2=O)C=CC(=C3)O,COC1=CC=C(C=C1)C2=COC3=C(C2=O)C=CC(=C3)O,formononetin
160767,C1C(C(=O)C2=CC=CC=C2O1)C3=CC=CC=C3,C1C(C(=O)C2=CC=CC=C2O1)C3=CC=CC=C3,isoflavanone
5280448,COC1=C(C=C(C=C1)C2=COC3=C(C2=O)C=CC(=C3)O)O,COC1=C(C=C(C=C1)C2=COC3=C(C2=O)C=CC(=C3)O)O,Calycosin
5280863,C1=CC(=CC=C1C2=C(C(=O)C3=C(C=C(C=C3O2)O)O)O)O,C1=CC(=CC=C1C2=C(C(=O)C3=C(C=C(C=C3O2)O)O)O)O,kaempferol
5280343,C1=CC(=C(C=C1C2=C(C(=O)C3=C(C=C(C=C3O2)O)O)O)O)O,C1=CC(=C(C=C1C2=C(C(=O)C3=C(C=C(C=C3O2)O)O)O)O)O,quercetin
91510,C1C2C(C3=C(O1)C=C(C=C3)O)OC4=CC5=C(C=C24)OCO5,C1[C@@H]2[C@H](C3=C(O1)C=C(C=C3)O)OC4=CC5=C(C=C24)OCO5,Inermine
114829,C1C(OC2=C(C1=O)C=CC(=C2)O)C3=CC=C(C=C3)O,C1[C@H](OC2=C(C1=O)C=CC(=C2)O)C3=CC=C(C=C3)O,DFV
1889,C1C(OC2=C(C1=O)C=CC(=C2)O)C3=CC=C(C=C3)O,C1C(OC2=C(C1=O)C=CC(=C2)O)C3=CC=C(C=C3)O,DFV
64971,CC(=C)C1CCC2(C1C3CCC4C5(CCC(C(C5CCC4(C3(CC2)C)C)(C)C)O)C)C(=O)O,CC(=C)[C@@H]1CC[C@]2([C@H]1[C@H]3CC[C@@H]4[C@]5(CC[C@@H](C([C@@H]5CC[C@]4([C@@]3(CC2)C)C)(C)C)O)C)C(=O)O,Mairin
5320083,CC(=CCC1=C(C2=C(C=C1O)OC(=O)C3=C2OC4=C3C=CC(=C4)O)OC)C,CC(=CCC1=C(C2=C(C=C1O)OC(=O)C3=C2OC4=C3C=CC(=C4)O)OC)C,Glycyrol
5318869,COC1=CC(=C2C(=C1)OC(=C(C2=O)OC)C3=CC=C(C=C3)O)O,COC1=CC(=C2C(=C1)OC(=C(C2=O)OC)C3=CC=C(C=C3)O)O,Jaranol
336327,COC1=CC2=C(C=C1)C3COC4=C(C3O2)C=CC(=C4)O,COC1=CC2=C(C=C1)[C@@H]3COC4=C([C@@H]3O2)C=CC(=C4)O,Medicarpin
623060,COC1=CC2=C(C=C1)C3COC4=C(C3O2)C=CC(=C4)O,COC1=CC2=C(C=C1)C3COC4=C(C3O2)C=CC(=C4)O,Medicarpin
73067,COC1=CC2=C(C=C1)C3COC4=C(C3O2)C=CC(=C4)O,COC1=CC2=C(C=C1)[C@H]3COC4=C([C@H]3O2)C=CC(=C4)O,Medicarpin
5281654,COC1=C(C=CC(=C1)C2=C(C(=O)C3=C(C=C(C=C3O2)O)O)O)O,COC1=C(C=CC(=C1)C2=C(C(=O)C3=C(C=C(C=C3O2)O)O)O)O,isorhamnetin
222284,CCC(CCC(C)C1CCC2C1(CCC3C2CC=C4C3(CCC(C4)O)C)C)C(C)C,CC[C@H](CC[C@@H](C)[C@H]1CC[C@@H]2[C@@]1(CC[C@H]3[C@H]2CC=C4[C@@]3(CC[C@@H](C4)O)C)C)C(C)C,sitosterol
5317480,CC(=CCC1=C2C(=C(C=C1O)O)C(=O)C(=CO2)C3=CC=C(C=C3)O)C,CC(=CCC1=C2C(=C(C=C1O)O)C(=O)C(=CO2)C3=CC=C(C=C3)O)C,Lupiwighteone
5280378,COC1=CC=C(C=C1)C2=COC3=C(C2=O)C=CC(=C3)O,COC1=CC=C(C=C1)C2=COC3=C(C2=O)C=CC(=C3)O,formononetin
5280448,COC1=C(C=C(C=C1)C2=COC3=C(C2=O)C=CC(=C3)O)O,COC1=C(C=C(C=C1)C2=COC3=C(C2=O)C=CC(=C3)O)O,Calycosin
5280863,C1=CC(=CC=C1C2=C(C(=O)C3=C(C=C(C=C3O2)O)O)O)O,C1=CC(=CC=C1C2=C(C(=O)C3=C(C=C(C=C3O2)O)O)O)O,kaempferol
932,C1C(OC2=CC(=CC(=C2C1=O)O)O)C3=CC=C(C=C3)O,C1C(OC2=CC(=CC(=C2C1=O)O)O)C3=CC=C(C=C3)O,naringenin
439246,C1C(OC2=CC(=CC(=C2C1=O)O)O)C3=CC=C(C=C3)O,C1[C@H](OC2=CC(=CC(=C2C1=O)O)O)C3=CC=C(C=C3)O,naringenin
667495,C1C(OC2=CC(=CC(=C2C1=O)O)O)C3=CC=C(C=C3)O,C1[C@@H](OC2=CC(=CC(=C2C1=O)O)O)C3=CC=C(C=C3)O,naringenin
197678,CC(=CCC1=C(C=CC(=C1)C2CC(=O)C3=C(O2)C4=C(C=C3)OC(C=C4)(C)C)O)C,CC(=CCC1=C(C=CC(=C1)[C@@H]2CC(=O)C3=C(O2)C4=C(C=C3)OC(C=C4)(C)C)O)C,"(2S)-2-[4-hydroxy-3-(3-methylbut-2-enyl)phenyl]-8,8-dimethyl-2,3-dihydropyrano[2,3-f]chromen-4-one"
480784,CC(=CCC1=C(C=C2C(=C1O)C(=O)C(CO2)C3=C(C=C(C=C3)O)O)OC)C,CC(=CCC1=C(C=C2C(=C1O)C(=O)C(CO2)C3=C(C=C(C=C3)O)O)OC)C,glyasperin B
392442,CC1(C=CC2=C(C=CC(=C2O1)C3COC4=CC(=CC(=C4C3=O)O)O)O)C,CC1(C=CC2=C(C=CC(=C2O1)C3COC4=CC(=CC(=C4C3=O)O)O)O)C,glyasperin F
480859,CC(=CCC1=C(C2=C(C=C1O)OCC(C2)C3=C(C=C(C=C3)O)O)OC)C,CC(=CCC1=C(C2=C(C=C1O)OC[C@H](C2)C3=C(C=C(C=C3)O)O)OC)C,Glyasperin C
5318679,COC1=CC(=CC2=C1C3=C(C4=C(O3)C=C(C=C4)O)C(=O)O2)O,COC1=CC(=CC2=C1C3=C(C4=C(O3)C=C(C=C4)O)C(=O)O2)O,Isotrifoliol
5481948,CC1(C=CC2=C(O1)C(=CC(=C2)C3=COC4=CC(=CC(=C4C3=O)O)O)O)C,CC1(C=CC2=C(O1)C(=CC(=C2)C3=COC4=CC(=CC(=C4C3=O)O)O)O)C,Semilicoisoflavone B
5281619,CC(=CCC1=C2C(=C(C=C1O)O)C(=O)C(=C(O2)C3=CC=CC=C3)O)C,CC(=CCC1=C2C(=C(C=C1O)O)C(=O)C(=C(O2)C3=CC=CC=C3)O)C,Glepidotin A
442411,CC(=CCC1=C2C(=C(C=C1O)O)C(=O)C(C(O2)C3=CC=CC=C3)O)C,CC(=CCC1=C2C(=C(C=C1O)O)C(=O)[C@@H]([C@H](O2)C3=CC=CC=C3)O)C,Glepidotin B
4484952,CC1(C=CC2=C(O1)C=CC(=C2O)C3CC4=C(C=C(C=C4)O)OC3)C,CC1(C=CC2=C(O1)C=CC(=C2O)C3CC4=C(C=C(C=C4)O)OC3)C,Phaseolinisoflavan
5317768,COC1=CC=C(C=C1)C(=O)C=CC2=C(C=C(C=C2)O)OC,COC1=CC=C(C=C1)C(=O)/C=C/C2=C(C=C(C=C2)O)OC,Glypallichalcone
5318999,COC1=C(C=CC(=C1O)O)C=CC(=O)C2=CC=C(C=C2)O,COC1=C(C=CC(=C1O)O)/C=C/C(=O)C2=CC=C(C=C2)O,Licochalcone B
49856081,CC(C)(C=C)C1=C(C=C(C(=C1)C=CC(=O)C2=C(C=C(C=C2)O)O)OC)O,CC(C)(C=C)C1=C(C=C(C(=C1)/C=C/C(=O)C2=C(C=C(C=C2)O)O)OC)O,licochalcone G
5319013,CC(=CCC1=C(C=C(C(=C1OC)C2=COC3=C(C2=O)C=CC(=C3)O)O)OC)C,CC(=CCC1=C(C=C(C(=C1OC)C2=COC3=C(C2=O)C=CC(=C3)O)O)OC)C,Licoricone
5317478,CC(=CCC1=C(C2=C(C=C1O)OC=C(C2=O)C3=CC=C(C=C3)OC)O)C,CC(=CCC1=C(C2=C(C=C1O)OC=C(C2=O)C3=CC=C(C=C3)OC)O)C,Gancaonin A
5317479,CC(=CCC1=C(C2=C(C=C1O)OC=C(C2=O)C3=CC(=C(C=C3)OC)O)O)C,CC(=CCC1=C(C2=C(C=C1O)OC=C(C2=O)C3=CC(=C(C=C3)OC)O)O)C,Gancaonin B
42607811,C1C(OC2=C(C1=O)C=CC(=C2)O)C3=CC=C(C=C3)OC4C(C(C(C(O4)CO)O)O)OC5C(C(CO5)(COC(=O)C6=CNC7=CC=CC=C76)O)O,C1[C@H](OC2=C(C1=O)C=CC(=C2)O)C3=CC=C(C=C3)O[C@H]4C([C@H]([C@@H](C(O4)CO)O)O)O[C@H]5[C@H](C(CO5)(COC(=O)C6=CNC7=CC=CC=C76)O)O,licorice glycoside E
74819338,C1C(OC2=C(C1=O)C=CC(=C2)O)C3=CC=C(C=C3)OC4C(C(C(C(O4)CO)O)O)OC5C(C(CO5)(COC(=O)C6=CNC7=CC=CC=C76)O)O,C1C(OC2=C(C1=O)C=CC(=C2)O)C3=CC=C(C=C3)OC4C(C(C(C(O4)CO)O)O)OC5C(C(CO5)(COC(=O)C6=CNC7=CC=CC=C76)O)O,licorice glycoside E
101938909,C1C(OC2=C(C1=O)C=CC(=C2)O)C3=CC=C(C=C3)OC4C(C(C(C(O4)CO)O)O)OC5C(C(CO5)(COC(=O)C6=CNC7=CC=CC=C76)O)O,C1[C@H](OC2=C(C1=O)C=CC(=C2)O)C3=CC=C(C=C3)O[C@H]4[C@@H]([C@H]([C@@H]([C@H](O4)CO)O)O)O[C@H]5[C@@H]([C@](CO5)(COC(=O)C6=CNC7=CC=CC=C76)O)O,licorice glycoside E
480787,CC(=CCC1=C(C=C2C(=C1OC)C=C(C(=O)O2)C3=C(C=C(C=C3)O)O)OC)C,CC(=CCC1=C(C=C2C(=C1OC)C=C(C(=O)O2)C3=C(C=C(C=C3)O)O)OC)C,Glycyrin
503731,CC(=CCC1=C(C2=C(C=C1O)OC(=C2)C3=C(C=C(C=C3)O)O)OC)C,CC(=CCC1=C(C2=C(C=C1O)OC(=C2)C3=C(C=C(C=C3)O)O)OC)C,Licocoumarone
5281789,CC(=CCC1=C(C=CC(=C1O)C2=COC3=CC(=CC(=C3C2=O)O)O)O)C,CC(=CCC1=C(C=CC(=C1O)C2=COC3=CC(=CC(=C3C2=O)O)O)O)C,Licoisoflavone
5481234,CC1(C=CC2=C(O1)C=CC(=C2O)C3=COC4=CC(=CC(=C4C3=O)O)O)C,CC1(C=CC2=C(O1)C=CC(=C2O)C3=COC4=CC(=CC(=C4C3=O)O)O)C,Licoisoflavone B
392443,CC1(C=CC2=C(O1)C=CC(=C2O)C3COC4=CC(=CC(=C4C3=O)O)O)C,CC1(C=CC2=C(O1)C=CC(=C2O)C3COC4=CC(=CC(=C4C3=O)O)O)C,licoisoflavanone
10336244,CC1(C=CC2=C(O1)C=CC3=C2OCC4C3OC5=C4C=CC(=C5)O)C,CC1(C=CC2=C(O1)C=CC3=C2OC[C@@H]4[C@H]3OC5=C4C=CC(=C5)O)C,shinpterocarpin
503737,C1C(OC2=C(C1=O)C=CC(=C2)O)C3=CC=C(C=C3)OC4C(C(C(C(O4)CO)O)O)O,C1[C@H](OC2=C(C1=O)C=CC(=C2)O)C3=CC=C(C=C3)O[C@H]4[C@@H]([C@H]([C@@H]([C@H](O4)CO)O)O)O,liquiritin
122851,CC1(CCC2=C(O1)C=C3C(=C2OC)C=C(C(=O)O3)C4=C(C=C(C=C4)O)O)CO,CC1(CCC2=C(O1)C=C3C(=C2OC)C=C(C(=O)O3)C4=C(C=C(C=C4)O)O)CO,licopyranocoumarin
195396,CC1(C2CCC3(C(C2(CCC1O)C)C(=O)C=C4C3(CCC5(C4CC6(CC5OC6=O)C)C)C(=O)OC)C)C,C[C@]12CC[C@@H](C([C@@H]1CC[C@@]3([C@@H]2C(=O)C=C4[C@]3(CC[C@@]5([C@H]4C[C@@]6(C[C@H]5OC6=O)C)C)C(=O)OC)C)(C)C)O,"3,22-Dihydroxy-11-oxo-delta(12)-oleanene-27-alpha-methoxycarbonyl-29-oic acid"
5317777,C1OC2=C(O1)C(=C(C=C2)C3=COC4=C(C3=O)C=CC(=C4)O)O,C1OC2=C(O1)C(=C(C=C2)C3=COC4=C(C3=O)C=CC(=C4)O)O,Glyzaglabrin
124052,CC1(C=CC2=C(O1)C=CC3=C2OCC(C3)C4=C(C=C(C=C4)O)O)C,CC1(C=CC2=C(O1)C=CC3=C2OC[C@H](C3)C4=C(C=C(C=C4)O)O)C,Glabridin
124049,CC(=CCC1=C2C(=C(C=C1O)O)C(=O)CC(O2)C3=CC=CC=C3)C,CC(=CCC1=C2C(=C(C=C1O)O)C(=O)C[C@H](O2)C3=CC=CC=C3)C,Glabranin
480774,CC1(C=CC2=C(C=CC(=C2O1)C3=CC4=C(C=C(C=C4)O)OC3)O)C,CC1(C=CC2=C(C=CC(=C2O1)C3=CC4=C(C=C(C=C4)O)OC3)O)C,Glabrene
5317652,CC1(C=CC2=C(O1)C=CC(=C2O)C3=COC4=C(C3=O)C=CC(=C4)O)C,CC1(C=CC2=C(O1)C=CC(=C2O)C3=COC4=C(C3=O)C=CC(=C4)O)C,Glabrone
5317300,CC(=CCC1=C(C=CC(=C1O)C2=COC3=C(C2=O)C=CC(=C3)O)O)C,CC(=CCC1=C(C=CC(=C1O)C2=COC3=C(C2=O)C=CC(=C3)O)O)C,Eurycarpin A
44257223,COC1=CC=C(C=C1)C2=COC3=C(C2=O)C=CC(=C3)OC4C(C(C(C(O4)CO)O)O)OC5C(C(CO5)(CO)O)O,COC1=CC=C(C=C1)C2=COC3=C(C2=O)C=CC(=C3)OC4C(C(C(C(O4)CO)O)O)OC5C(C(CO5)(CO)O)O,glycyroside
101939210,COC1=CC=C(C=C1)C2=COC3=C(C2=O)C=CC(=C3)OC4C(C(C(C(O4)CO)O)O)OC5C(C(CO5)(CO)O)O,COC1=CC=C(C=C1)C2=COC3=C(C2=O)C=CC(=C3)O[C@H]4[C@@H]([C@H]([C@@H]([C@H](O4)CO)O)O)O[C@H]5[C@@H]([C@](CO5)(CO)O)O,glycyroside
23724664,COC1=CC2=C(C=C1)C3COC4=C(C3O2)C=CC(=C4)OC5C(C(C(C(O5)CO)O)O)O,COC1=CC2=C(C=C1)[C@@H]3COC4=C([C@@H]3O2)C=CC(=C4)O[C@H]5[C@@H]([C@H]([C@@H]([C@H](O5)CO)O)O)O,(-)-Medicocarpin
73205,CC(=CCC1=C(C(=CC(=C1)C2CC(=O)C3=C(C=C(C=C3O2)O)O)O)O)C,CC(=CCC1=C(C(=CC(=C1)[C@@H]2CC(=O)C3=C(C=C(C=C3O2)O)O)O)O)C,Sigmoidin-B
124050,CC1(CCC2=C(O1)C=C3C(=C2OC)C4=C(C5=C(O4)C=C(C=C5)O)C(=O)O3)C,CC1(CCC2=C(O1)C=C3C(=C2OC)C4=C(C5=C(O4)C=C(C=C5)O)C(=O)O3)C,Isoglycyrol
5318585,CC(=CCC1=C(C=CC(=C1)C2=C(C(=O)C3=C(C=C(C=C3O2)O)O)O)O)C,CC(=CCC1=C(C=CC(=C1)C2=C(C(=O)C3=C(C=C(C=C3O2)O)O)O)O)C,Isolicoflavonol
480873,CC(=CCC1=C(C=CC2=C1OC3C2COC4=C3C(=CC(=C4)O)OC)O)C,CC(=CCC1=C(C=CC2=C1O[C@@H]3[C@H]2COC4=C3C(=CC(=C4)O)OC)O)C,1-Methoxyphaseollidin
44257468,CC(=CCC1=C(C=CC2=C1OC3C2COC4=C3C(=CC(=C4)O)OC)O)C,CC(=CCC1=C(C=CC2=C1OC3C2COC4=C3C(=CC(=C4)O)OC)O)C,1-Methoxyphaseollidin
15228662,CC1(C=CC2=C(O1)C=CC3=C2OCC(C3)C4=C(C(=C(C=C4)OC)O)O)C,CC1(C=CC2=C(O1)C=CC3=C2OC[C@H](C3)C4=C(C(=C(C=C4)OC)O)O)C,3'-Hydroxy-4'-O-Methylglabridin
5318998,CC(C)(C=C)C1=C(C=C(C(=C1)C=CC(=O)C2=CC=C(C=C2)O)OC)O,CC(C)(C=C)C1=C(C=C(C(=C1)/C=C/C(=O)C2=CC=C(C=C2)O)OC)O,licochalcone a
5319439,CC1(C=CC2=C(O1)C=CC3=C2OCC(C3)C4=C(C(=C(C=C4)O)OC)O)C,CC1(C=CC2=C(O1)C=CC3=C2OCC(C3)C4=C(C(=C(C=C4)O)OC)O)C,3'-Methoxyglabridin
15228663,CC1(C=CC2=C(O1)C=CC3=C2OCC(C3)C4=C(C(=C(C=C4)O)OC)O)C,CC1(C=CC2=C(O1)C=CC3=C2OC[C@H](C3)C4=C(C(=C(C=C4)O)OC)O)C,3'-Methoxyglabridin
3349565,CCCCCCCCCCCCCCC=CCCCC(=O)O,CCCCCCCCCCCCCCC=CCCCC(=O)O,icos-5-enoic acid
101666840,CC(=CCC1=C(C2=C(C=C1O)OCC3C2OC4=C3C=C5C=CC(OC5=C4)(C)C)OC)C,CC(=CCC1=C(C2=C(C=C1O)OC[C@@H]3[C@H]2OC4=C3C=C5C=CC(OC5=C4)(C)C)OC)C,Kanzonol F
131752864,CC(=CCC1=C(C2=C(C=C1O)OCC3C2OC4=C3C=C5C=CC(OC5=C4)(C)C)OC)C,CC(=CCC1=C(C2=C(C=C1O)OCC3C2OC4=C3C=C5C=CC(OC5=C4)(C)C)OC)C,Kanzonol F
268208,CC1=C(C(=O)C2=C(O1)C=C(C=C2)OC(=O)C)C3=CC=CC=C3,CC1=C(C(=O)C2=C(O1)C=C(C=C2)OC(=O)C)C3=CC=CC=C3,7-Acetoxy-2-methylisoflavone
5460988,CCCCCCCCCCC=CCCCCCCCC(=O)O,CCCCCCCCCC/C=C/CCCCCCCC(=O)O,gadelaidic acid
92503,COC1=CC(=C(C=C1)C2CC3=C(C=C(C=C3)O)OC2)O,COC1=CC(=C(C=C1)C2CC3=C(C=C(C=C3)O)OC2)O,Vestitol
480780,CC(=CCC1=C(C=C2C(=C1O)C(=O)C(=CO2)C3=CC=C(C=C3)O)OC)C,CC(=CCC1=C(C=C2C(=C1O)C(=O)C(=CO2)C3=CC=C(C=C3)O)OC)C,Gancaonin G
5481949,CC(=CCC1=C(C2=C(C=C1O)OC=C(C2=O)C3=CC4=C(C(=C3)O)OC(C=C4)(C)C)O)C,CC(=CCC1=C(C2=C(C=C1O)OC=C(C2=O)C3=CC4=C(C(=C3)O)OC(C=C4)(C)C)O)C,Gancaonin H
15840593,CC(=CCC1=C(C=CC2=C1OCC3C2OC4=C3C=CC(=C4)OC)O)C,CC(=CCC1=C(C=CC2=C1OC[C@@H]3[C@H]2OC4=C3C=CC(=C4)OC)O)C,Licoagrocarpin
5317765,CC1(C(CC2=C(O1)C=CC(=C2)C3=C(C(=O)C4=C(C=C(C=C4O3)O)O)O)O)C,CC1(C(CC2=C(O1)C=CC(=C2)C3=C(C(=O)C4=C(C=C(C=C4O3)O)O)O)O)C,Glycyrrhiza flavonol A
636883,CC(=C)C1CC2=C(O1)C=C3C(=C2O)C(=O)C(=CO3)C4=CC=C(C=C4)O,CC(=C)[C@H]1CC2=C(O1)C=C3C(=C2O)C(=O)C(=CO3)C4=CC=C(C=C4)O,Licoagroisoflavone
13965473,COC1=C(C=C(C=C1)C2=COC3=CC(=C(C=C3C2=O)OC)O)O,COC1=C(C=C(C=C1)C2=COC3=CC(=C(C=C3C2=O)OC)O)O,Odoratin
44257530,CC(=CCC1=C(C=CC2=C1OC(=O)C3=C2OC4=C3C=CC(=C4)O)O)C,CC(=CCC1=C(C=CC2=C1OC(=O)C3=C2OC4=C3C=CC(=C4)O)O)C,Phaseol
14769500,CC1(C=CC2=C(O1)C=CC(=C2)C3CC(=O)C4=C(O3)C5=C(C=C4)OC(C=C5)(C)C)C,CC1(C=CC2=C(O1)C=CC(=C2)C3CC(=O)C4=C(O3)C5=C(C=C4)OC(C=C5)(C)C)C,Xambioona
73352581,CC1(C=CC2=C(O1)C=CC(=C2)C3CC(=O)C4=C(O3)C5=C(C=C4)OC(C=C5)(C)C)C,CC1(C=CC2=C(O1)C=CC(=C2)[C@@H]3CC(=O)C4=C(O3)C5=C(C=C4)OC(C=C5)(C)C)C,Xambioona
5280343,C1=CC(=C(C=C1C2=C(C(=O)C3=C(C=C(C=C3O2)O)O)O)O)O,C1=CC(=C(C=C1C2=C(C(=O)C3=C(C=C(C=C3O2)O)O)O)O)O,quercetin
14137677,CC(=CCCC(C)(C1CCC2(C1CCC3C2(CCC4C3(CCC(C4(C)C)OC(=O)C)C)C)C)O)C,CC(=CCC[C@@](C)([C@H]1CC[C@@]2([C@@H]1CC[C@H]3[C@]2(CC[C@@H]4[C@@]3(CC[C@@H](C4(C)C)OC(=O)C)C)C)C)O)C,"(20S)-Dammar-24-ene-3beta,20-diol 3-acetate"
44257909,C1C(C(C(C(O1)C2=C(C=C(C3=C2OC(=CC3=O)C4=CC(=C(C=C4)O)O)O)O)O)O)O,C1[C@@H]([C@@H](C([C@@H](O1)C2=C(C=C(C3=C2OC(=CC3=O)C4=CC(=C(C=C4)O)O)O)O)O)O)O,8-C-alpha-L-arabinosylluteolin
222284,CCC(CCC(C)C1CCC2C1(CCC3C2CC=C4C3(CCC(C4)O)C)C)C(C)C,CC[C@H](CC[C@@H](C)[C@H]1CC[C@@H]2[C@@]1(CC[C@H]3[C@H]2CC=C4[C@@]3(CC[C@@H](C4)O)C)C)C(C)C,beta-sitosterol
5280794,CCC(C=CC(C)C1CCC2C1(CCC3C2CC=C4C3(CCC(C4)O)C)C)C(C)C,CC[C@H](/C=C/[C@@H](C)[C@H]1CC[C@@H]2[C@@]1(CC[C@H]3[C@H]2CC=C4[C@@]3(CC[C@@H](C4)O)C)C)C(C)C,Stigmasterol
222284,CCC(CCC(C)C1CCC2C1(CCC3C2CC=C4C3(CCC(C4)O)C)C)C(C)C,CC[C@H](CC[C@@H](C)[C@H]1CC[C@@H]2[C@@]1(CC[C@H]3[C@H]2CC=C4[C@@]3(CC[C@@H](C4)O)C)C)C(C)C,sitosterol
932,C1C(OC2=CC(=CC(=C2C1=O)O)O)C3=CC=C(C=C3)O,C1C(OC2=CC(=CC(=C2C1=O)O)O)C3=CC=C(C=C3)O,naringenin
439246,C1C(OC2=CC(=CC(=C2C1=O)O)O)C3=CC=C(C=C3)O,C1[C@H](OC2=CC(=CC(=C2C1=O)O)O)C3=CC=C(C=C3)O,naringenin
667495,C1C(OC2=CC(=CC(=C2C1=O)O)O)C3=CC=C(C=C3)O,C1[C@@H](OC2=CC(=CC(=C2C1=O)O)O)C3=CC=C(C=C3)O,naringenin
676152,COC1=C(C=C(C=C1)C2CC(=O)C3=C(C=C(C=C3O2)O)O)O,COC1=C(C=C(C=C1)[C@H]2CC(=O)C3=C(C=C(C=C3O2)O)O)O,"5,7-dihydroxy-2-(3-hydroxy-4-methoxyphenyl)chroman-4-one"
3593,COC1=C(C=C(C=C1)C2CC(=O)C3=C(C=C(C=C3O2)O)O)O,COC1=C(C=C(C=C1)C2CC(=O)C3=C(C=C(C=C3O2)O)O)O,"5,7-dihydroxy-2-(3-hydroxy-4-methoxyphenyl)chroman-4-one"
12303287,COC1=C(C=C(C=C1)C2CC(=O)C3=C(O2)C(=C(C(=C3OC)OC)OC)OC)OC,COC1=C(C=C(C=C1)C2CC(=O)C3=C(O2)C(=C(C(=C3OC)OC)OC)OC)OC,Citromitin
72344,COC1=C(C=C(C=C1)C2=CC(=O)C3=C(O2)C(=C(C(=C3OC)OC)OC)OC)OC,COC1=C(C=C(C=C1)C2=CC(=O)C3=C(O2)C(=C(C(=C3OC)OC)OC)OC)OC,nobiletin
14137634,CC(CCC=C(C)C(=O)O)C1CC(C2(C1(CC=C3C2=CCC4C3(CCC(C4(C)C)OC(=O)C)C)C)C)O,CC(CC/C=C(\C)/C(=O)O)C1CC(C2(C1(CC=C3C2=CCC4C3(CCC(C4(C)C)OC(=O)C)C)C)C)O,(+)-Ganoderic acid Mf
21633085,CC(CCC(=O)OC)C1CC(=O)C2(C1(CC(=O)C3=C2C(=O)CC4C3(CCC(=O)C4(C)C)C)C)C,C[C@H](CCC(=O)OC)[C@H]1CC(=O)[C@@]2([C@@]1(CC(=O)C3=C2C(=O)C[C@@H]4[C@@]3(CCC(=O)C4(C)C)C)C)C,"methyl (4R)-4-[(5R,10S,13R,14R,17R)-4,4,10,13,14-pentamethyl-3,7,11,15-tetraoxo-2,5,6,12,16,17-hexahydro-1H-cyclopenta[a]phenanthren-17-yl]pentanoate"
5283669,CC(C)C(C)C=CC(C)C1CCC2C1(CCC3C2=CCC4C3(CCC(C4)O)C)C,C[C@H](/C=C/[C@@H](C)C(C)C)[C@H]1CC[C@@H]2[C@@]1(CC[C@H]3C2=CC[C@@H]4[C@@]3(CC[C@@H](C4)O)C)C,"campesta-7,22E-dien-3beta-ol"
21635716,CC(CCC=C(C)CO)C1CC(C2(C1(CC=C3C2=CCC4C3(CCC(=O)C4(C)C)C)C)C)O,C[C@H](CC/C=C(\C)/CO)[C@H]1C[C@@H]([C@@]2([C@@]1(CC=C3C2=CC[C@@H]4[C@@]3(CCC(=O)C4(C)C)C)C)C)O,"5alpha-Lanosta-7,9(11),24-triene-15alpha,26-dihydroxy-3-one"
14015434,CC(CCC1C(O1)(C)CO)C2CCC3(C2(CCC4=C3C(CC5C4(CCC(=O)C5(C)C)C)O)C)C,CC(CCC1C(O1)(C)CO)C2CCC3(C2(CCC4=C3C(CC5C4(CCC(=O)C5(C)C)C)O)C)C,epoxyganoderiol A
14015436,CC(CCC1C(O1)(C)CO)C2CCC3(C2(CC=C4C3=CCC5C4(CCC(=O)C5(C)C)C)C)C,CC(CCC1C(O1)(C)CO)C2CCC3(C2(CC=C4C3=CCC5C4(CCC(=O)C5(C)C)C)C)C,epoxyganoderiol B
14015438,CC(CCC1C(O1)(C)CO)C2CCC3(C2(CC=C4C3=CCC5C4(CCC(C5(C)C)O)C)C)C,CC(CCC1C(O1)(C)CO)C2CCC3(C2(CC=C4C3=CCC5C4(CCC(C5(C)C)O)C)C)C,epoxyganoderiol C
129844559,CCCCCCCCCCCCCCCC(=O)OC1CCC2(C3CCC4(C(C3=CCC2C1)CCC4C(C)C=CC(C)C(C)C)C)C,CCCCCCCCCCCCCCCC(=O)O[C@H]1CC[C@@]2([C@H]3CC[C@]4([C@H](C3=CCC2C1)CC[C@@H]4[C@H](C)C=C[C@H](C)C(C)C)C)C,"Ergosta-7,22-dien-3beta-yl palmitate"
139585889,CCCCCCCCCCCCCCCC(=O)OC1CCC2(C3CCC4(C(C3=CCC2C1)CCC4C(C)C=CC(C)C(C)C)C)C,CCCCCCCCCCCCCCCC(=O)O[C@H]1CC[C@@]2(C3CC[C@@]4([C@H](CCC4C3=CCC2C1)[C@H](C)/C=C/[C@H](C)C(C)C)C)C,"Ergosta-7,22-dien-3beta-yl palmitate"
5351516,CC(C)C(C)C=CC(C)C1CCC2C1(CCC3C24C=CC5(C3(CCC(C5)O)C)OO4)C,C[C@H](/C=C/[C@H](C)C(C)C)[C@H]1CC[C@@H]2[C@@]1(CC[C@H]3[C@]24C=C[C@@]5([C@@]3(CC[C@@H](C5)O)C)OO4)C,Peroxyergosterol
14015440,CC(CCC=C(C)C=O)C1CCC2(C1(CCC3=C2C(CC4C3(CCC(=O)C4(C)C)C)O)C)C,CC(CC/C=C(\C)/C=O)C1CCC2(C1(CCC3=C2C(CC4C3(CCC(=O)C4(C)C)C)O)C)C,ganoderal B
10097521,CC(CCC=C(C)C(=O)O)C1CC(=O)C2(C1(CC(=O)C3=C2C(CC4C3(CCC(C4(C)C)O)C)O)C)C,C[C@H](CC/C=C(\C)/C(=O)O)[C@H]1CC(=O)[C@@]2([C@@]1(CC(=O)C3=C2[C@H](C[C@@H]4[C@@]3(CC[C@@H](C4(C)C)O)C)O)C)C,"(E,6R)-6-[(3S,5R,7S,10S,13R,14R,17R)-3,7-dihydroxy-4,4,10,13,14-pentamethyl-11,15-dioxo-2,3,5,6,7,12,16,17-octahydro-1H-cyclopenta[a]phenanthren-17-yl]-2-methylhept-2-enoic acid"
11784642,CC(CCC=C(C)C(=O)O)C1CCC2(C1(CCC3=C2C(=O)CC4C3(CCC(=O)C4(C)C)C)C)C,C[C@H](CC/C=C(\C)/C(=O)O)[C@H]1CC[C@@]2([C@@]1(CCC3=C2C(=O)C[C@@H]4[C@@]3(CCC(=O)C4(C)C)C)C)C,Ganoderic acid DM
131751329,CC(CCC=C(C)C(=O)O)C1CCC2(C1(CCC3=C2C(=O)CC4C3(CCC(=O)C4(C)C)C)C)C,CC(CC/C=C(\C)/C(=O)O)C1CCC2(C1(CCC3=C2C(=O)CC4C3(CCC(=O)C4(C)C)C)C)C,Ganoderic acid DM
46888220,CC(CCC=C(C)C(=O)O)C1CCC2(C1(CCC3=C2C(=O)CC4C3(CCC(=O)C4(C)C)C)C)C,C[C@H](CC/C=C(/C)\C(=O)O)[C@H]1CC[C@@]2([C@@]1(CCC3=C2C(=O)C[C@@H]4[C@@]3(CCC(=O)C4(C)C)C)C)C,Ganoderic acid DM
146157603,CC(CCC=C(C)C(=O)O)C1CCC2(C1(CCC3=C2C(=O)CC4C3(CCC(=O)C4(C)C)C)C)C,CC(CCC=C(C)C(=O)O)C1CC[C@@]2([C@@]1(CCC3=C2C(=O)CC4[C@@]3(CCC(=O)C4(C)C)C)C)C,Ganoderic acid DM
102004431,CC(CCC=C(C)C(=O)O)C1CCC2(C1(CCC3=C2C(=O)CC4C3(CCC(=O)C4(C)C)C)C)C,C[C@H](CC/C=C(\C)/C(=O)O)[C@H]1CC[C@@]2([C@@]1(CCC3=C2C(=O)CC4[C@@]3(CCC(=O)C4(C)C)C)C)C,Ganoderic acid DM
133542985,CC(CCC=C(C)C(=O)O)C1CCC2(C1(CCC3=C2C(=O)CC4C3(CCC(=O)C4(C)C)C)C)C,C[C@@H](CC/C=C(\C)/C(=O)O)[C@@H]1CC[C@]2([C@]1(CCC3=C2C(=O)CC4[C@]3(CCC(=O)C4(C)C)C)C)C,Ganoderic acid DM
131751712,CC(CCC=C(C)C(=O)O)C1CC(C2(C1(CCC3=C2C(CC4C3(CCC(C4(C)C)OC(=O)C)C)OC)C)C)O,CC(CC/C=C(/C)\C(=O)O)C1CC(C2(C1(CCC3=C2C(CC4C3(CCC(C4(C)C)OC(=O)C)C)OC)C)C)O,ganoderic acid Mi
11442745,CC(CCC=C(C)C(=O)O)C1CC(C2(C1(CC=C3C2=CCC4C3(CCC(=O)C4(C)C)C)C)C)O,C[C@H](CC/C=C(\C)/C(=O)O)[C@H]1C[C@@H]([C@@]2([C@@]1(CC=C3C2=CC[C@@H]4[C@@]3(CCC(=O)C4(C)C)C)C)C)O,Ganoderic acid TR
102004381,CC(CCC=C(C)C(=O)O)C1CC(C2(C1(CC=C3C2=CCC4C3(CCC(=O)C4(C)C)C)C)C)O,C[C@H](CC/C=C(\C)/C(=O)O)[C@H]1C[C@@H]([C@@]2([C@@]1(CC=C3C2=CCC4[C@@]3(CCC(=O)C4(C)C)C)C)C)O,Ganoderic acid TR
46888170,CC(CCC=C(C)C(=O)O)C1CC(C2(C1(CC=C3C2=CCC4C3(CCC(=O)C4(C)C)C)C)C)O,C[C@H](CC/C=C(/C)\C(=O)O)[C@H]1C[C@@H]([C@@]2([C@@]1(CC=C3C2=CC[C@@H]4[C@@]3(CCC(=O)C4(C)C)C)C)C)O,Ganoderic acid TR
72963184,CC(CCC=C(C)C(=O)O)C1CC(C2(C1(CC=C3C2=CCC4C3(CCC(=O)C4(C)C)C)C)C)O,CC(CCC=C(C)C(=O)O)C1CC(C2(C1(CC=C3C2=CCC4C3(CCC(=O)C4(C)C)C)C)C)O,Ganoderic acid TR
102422091,CC(CCC=C(C)C(=O)O)C1CC(C2(C1(CC=C3C2=CCC4C3(CCC(=O)C4(C)C)C)C)C)O,C[C@H](CC/C=C(\C)/C(=O)O)[C@H]1CC([C@@]2([C@@]1(CC=C3C2=CC[C@@H]4[C@@]3(CCC(=O)C4(C)C)C)C)C)O,Ganoderic acid TR
133542993,CC(CCC=C(C)C(=O)O)C1CC(C2(C1(CC=C3C2=CCC4C3(CCC(=O)C4(C)C)C)C)C)O,C[C@@H](CC/C=C(\C)/C(=O)O)[C@@H]1C[C@H]([C@]2([C@]1(CC=C3C2=CCC4[C@]3(CCC(=O)C4(C)C)C)C)C)O,Ganoderic acid TR
139584401,CC(CCC=C(C)C(=O)O)C1CC(C2(C1(CC=C3C2=CCC4C3(CCC(=O)C4(C)C)C)C)C)O,C[C@H](CCC=C(C)C(=O)O)[C@H]1C[C@@H]([C@@]2([C@@]1(CC=C3C2=CC[C@@H]4[C@@]3(CCC(=O)C4(C)C)C)C)C)O,Ganoderic acid TR
131751369,CC(CCC=C(C)C(=O)O)C1CC(C2(C1(CCC3=C2C(CC4C3(CCC(=O)C4(C)C)C)O)C)C)OC(=O)C,CC(CC/C=C(/C)\C(=O)O)C1CC(C2(C1(CCC3=C2C(CC4C3(CCC(=O)C4(C)C)C)O)C)C)OC(=O)C,ganoderic acid V
131752702,CC(=CCCC(C)(C1CC(=O)C2(C1(CC(=O)C3=C2C(=O)CC4C3(CCC(C4(C)C)O)C)C)C)O)C(=O)O,C/C(=C\CCC(C)(C1CC(=O)C2(C1(CC(=O)C3=C2C(=O)CC4C3(CCC(C4(C)C)O)C)C)C)O)/C(=O)O,Ganoderic acid V1
14137626,CC(CCC=C(C)C(=O)O)C1CC(C2(C1(CC=C3C2=CCC4C3(CCC(C4(C)C)O)C)C)C)OC(=O)C,CC(CC/C=C(\C)/C(=O)O)C1CC(C2(C1(CC=C3C2=CCC4C3(CCC(C4(C)C)O)C)C)C)OC(=O)C,Ganoderic acid X
71459520,CC(CCC=C(C)C(=O)O)C1CC(C2(C1(CC=C3C2=CCC4C3(CCC(C4(C)C)O)C)C)C)OC(=O)C,C[C@H](CC/C=C(\C)/C(=O)O)[C@H]1C[C@@H]([C@@]2([C@@]1(CC=C3C2=CC[C@@H]4[C@@]3(CC[C@@H](C4(C)C)O)C)C)C)OC(=O)C,Ganoderic acid X
101600075,CC(CCC=C(C)C(=O)O)C1CC(C2(C1(CC=C3C2=CCC4C3(CCC(C4(C)C)O)C)C)C)OC(=O)C,C[C@H](CC/C=C(\C)/C(=O)O)[C@H]1C[C@@H]([C@@]2([C@@]1(CC=C3C2=CC[C@@H]4[C@@]3(CC[C@H](C4(C)C)O)C)C)C)OC(=O)C,Ganoderic acid X
5317484,CC(CCC=C(C)C(=O)O)C1CC(C2(C1(CC=C3C2=CCC4C3(CCC(C4(C)C)O)C)C)C)OC(=O)C,C[C@H](CC/C=C(\C)/C(=O)O)[C@H]1C[C@@H]([C@@]2([C@@]1(CC=C3C2=CCC4[C@@]3(CC[C@H](C4(C)C)O)C)C)C)OC(=O)C,Ganoderic acid X
72822405,CC(CCC=C(C)C(=O)O)C1CC(C2(C1(CC=C3C2=CCC4C3(CCC(C4(C)C)O)C)C)C)OC(=O)C,CC(CCC=C(C)C(=O)O)C1CC(C2(C1(CC=C3C2=CCC4C3(CCC(C4(C)C)O)C)C)C)OC(=O)C,Ganoderic acid X
57397445,CC(CCC=C(C)C(=O)O)C1CCC2(C1(CC=C3C2=CCC4C3(CCC(C4(C)C)O)C)C)C,C[C@H](CC/C=C(\C)/C(=O)O)[C@H]1CC[C@@]2([C@@]1(CC=C3C2=CC[C@@H]4[C@@]3(CC[C@@H](C4(C)C)O)C)C)C,Ganoderic acid Y
10601916,CC(CC(C=C(C)C(=O)O)O)C1CC(=O)C2(C1(CC(=O)C3=C2C(=O)CC4C3(CCC(C4(C)C)O)C)C)C,C[C@H](C[C@@H](/C=C(\C)/C(=O)O)O)[C@H]1CC(=O)[C@@]2([C@@]1(CC(=O)C3=C2C(=O)C[C@@H]4[C@@]3(CC[C@@H](C4(C)C)O)C)C)C,ganoderic acid Z
14484704,CC(CCC=C(C)C=O)C1CCC2(C1(CC(=O)C3=C2CCC4C3(CCC(C4(C)C)O)C)C)C,C[C@H](CC/C=C(\C)/C=O)[C@H]1CC[C@@]2([C@@]1(CC(=O)C3=C2CC[C@@H]4[C@@]3(CC[C@@H](C4(C)C)O)C)C)C,Ganoderic aldehyde A
131751740,CC(CCC=C(C)C=O)C1CCC2(C1(CC(=O)C3=C2CCC4C3(CCC(C4(C)C)O)C)C)C,CC(CC/C=C(/C)\C=O)C1CCC2(C1(CC(=O)C3=C2CCC4C3(CCC(C4(C)C)O)C)C)C,Ganoderic aldehyde A
471008,CC(CCC=C(CO)CO)C1CCC2(C1(CC=C3C2=CCC4C3(CCC(=O)C4(C)C)C)C)C,C[C@H](CCC=C(CO)CO)[C@H]1CC[C@@]2([C@@]1(CC=C3C2=CC[C@@H]4[C@@]3(CCC(=O)C4(C)C)C)C)C,Ganoderiol F
5317514,CC(CCC=C(CO)CO)C1CCC2(C1(CC=C3C2=CCC4C3(CCC(=O)C4(C)C)C)C)C,C[C@H](CCC=C(CO)CO)[C@H]1CC[C@@]2([C@@]1(CC=C3C2=CCC4[C@@]3(CCC(=O)C4(C)C)C)C)C,Ganoderiol F
15602265,CC(CCC=C(CO)CO)C1CCC2(C1(CC=C3C2=CCC4C3(CCC(=O)C4(C)C)C)C)C,CC(CCC=C(CO)CO)C1CCC2(C1(CC=C3C2=CCC4C3(CCC(=O)C4(C)C)C)C)C,Ganoderiol F
146156502,CC(CCC=C(CO)CO)C1CCC2(C1(CC=C3C2=CCC4C3(CCC(=O)C4(C)C)C)C)C,CC(CCC=C(CO)CO)C1CC[C@@]2([C@@]1(CC=C3C2=CCC4[C@@]3(CCC(=O)C4(C)C)C)C)C,Ganoderiol F
73294,CC(CCC(C(C)(C)O)O)C1CCC2(C1(CC=C3C2=CCC4C3(CCC(=O)C4(C)C)C)C)C,C[C@H](CC[C@@H](C(C)(C)O)O)[C@H]1CC[C@@]2([C@@]1(CC=C3C2=CC[C@@H]4[C@@]3(CCC(=O)C4(C)C)C)C)C,Ganodermanondiol
21124247,CC(CCC=C(CO)CO)C1CCC2(C1(CC=C3C2=CCC4C3(CCC(C4(C)C)O)C)C)C,C[C@H](CCC=C(CO)CO)[C@H]1CC[C@@]2([C@@]1(CC=C3C2=CC[C@@H]4[C@@]3(CC[C@@H](C4(C)C)O)C)C)C,ganodermatriol
14395299,CC(CCC=C(CO)CO)C1CCC2(C1(CC=C3C2=CCC4C3(CCC(C4(C)C)O)C)C)C,CC(CCC=C(CO)CO)C1CCC2(C1(CC=C3C2=CCC4C3(CCC(C4(C)C)O)C)C)C,ganodermatriol
163746,CC(CCC=C(CO)CO)C1CCC2(C1(CC=C3C2=CCC4C3(CCC(C4(C)C)O)C)C)C,C[C@H](CCC=C(CO)CO)[C@H]1CC[C@@]2([C@@]1(CC=C3C2=CCC4[C@@]3(CC[C@@H](C4(C)C)O)C)C)C,ganodermatriol
13934283,CC(CCC=C(C)CO)C1CCC2(C1(CC=C3C2=CCC4C3(CCC(=O)C4(C)C)C)C)C,CC(CC/C=C(\C)/CO)C1CCC2(C1(CC=C3C2=CCC4C3(CCC(=O)C4(C)C)C)C)C,ganodermenonol
9985134,CC(CCC=C(C)C(=O)O)C1CC(C2(C1(CC=C3C2=CCC4C3(CCC(C4(C)C)OC(=O)C)C)C)C)OC(=O)C,C[C@H](CC/C=C(\C)/C(=O)O)[C@H]1C[C@@H]([C@@]2([C@@]1(CC=C3C2=CC[C@@H]4[C@@]3(CC[C@H](C4(C)C)OC(=O)C)C)C)C)OC(=O)C,Ganodermic acid R
13969079,CC(CCC=C(C)C(=O)O)C1CC(C2(C1(CC=C3C2=CCC4C3(CCC(C4(C)C)OC(=O)C)C)C)C)OC(=O)C,CC(CC/C=C(\C)/C(=O)O)C1CC(C2(C1(CC=C3C2=CCC4C3(CCC(C4(C)C)OC(=O)C)C)C)C)OC(=O)C,Ganodermic acid R
13934284,CC(CCC=C(C)CO)C1CCC2(C1(CC=C3C2=CCC4C3(CCC(=O)C4(C)C)C)C)C,C[C@H](CC/C=C(\C)/CO)[C@H]1CC[C@@]2([C@@]1(CC=C3C2=CC[C@@H]4[C@@]3(CCC(=O)C4(C)C)C)C)C,"(5R,10S,13R,14R,17R)-17-[(E,2R)-7-hydroxy-6-methylhept-5-en-2-yl]-4,4,10,13,14-pentamethyl-1,2,5,6,12,15,16,17-octahydrocyclopenta[a]phenanthren-3-one"
15602283,CC(CCC=C(C)C(=O)O)C1CC(C2(C1(CC(=O)C3=C2CCC4C3(CCC(=O)C4(C)C)C)C)C)O,C[C@H](CC/C=C(\C)/C(=O)O)[C@H]1C[C@@H]([C@@]2([C@@]1(CC(=O)C3=C2CC[C@@H]4[C@@]3(CCC(=O)C4(C)C)C)C)C)O,ganolucidic acid E
78384958,CC1CC2(CC(C(=O)O2)C)C3C1C4(C(C(=O)C5=C(C4(C3=O)C)C(CC6C5(CCC(C6(C)C)O)C)O)O)C,CC1CC2(CC(C(=O)O2)C)C3C1C4(C(C(=O)C5=C(C4(C3=O)C)C(CC6C5(CCC(C6(C)C)O)C)O)O)C,ganosporelactone B
118705178,CC1CC2(CC(C(=O)O2)C)C3C1C4(C(C(=O)C5=C(C4(C3=O)C)C(CC6C5(CCC(C6(C)C)O)C)O)O)C,C[C@@H]1CC2(CC(C(=O)O2)C)[C@@H]3C1[C@]4([C@@H](C(=O)C5=C([C@@]4(C3=O)C)[C@@H](CC6[C@@]5(CC[C@@H](C6(C)C)O)C)O)O)C,ganosporelactone B
11048424,CC(CCC=C(C)C=O)C1CCC2(C1(CC=C3C2=CCC4C3(CCC(C4(C)C)O)C)C)C,C[C@H](CC/C=C(\C)/C=O)[C@H]1CC[C@@]2([C@@]1(CC=C3C2=CC[C@@H]4[C@@]3(CC[C@@H](C4(C)C)O)C)C)C,Lucialdehyde A
102004904,CC(CCC=C(C)C=O)C1CCC2(C1(CC=C3C2=CCC4C3(CCC(C4(C)C)O)C)C)C,C[C@H](CC/C=C(\C)/C=O)[C@H]1CC[C@@]2([C@@]1(CC=C3C2=CCC4[C@@]3(CC[C@@H](C4(C)C)O)C)C)C,Lucialdehyde A
75069543,CC(CCC=C(C)C=O)C1CCC2(C1(CC=C3C2=CCC4C3(CCC(C4(C)C)O)C)C)C,CC(CCC=C(C)C=O)C1CCC2(C1(CC=C3C2=CCC4C3(CCC(C4(C)C)O)C)C)C,Lucialdehyde A
10343868,CC(CCC=C(C)C=O)C1CCC2(C1(CCC3=C2C(=O)CC4C3(CCC(=O)C4(C)C)C)C)C,C[C@H](CC/C=C(\C)/C=O)[C@H]1CC[C@@]2([C@@]1(CCC3=C2C(=O)C[C@@H]4[C@@]3(CCC(=O)C4(C)C)C)C)C,Lucialdehyde B
10366713,CC(CCC=C(C)C=O)C1CCC2(C1(CCC3=C2C(=O)CC4C3(CCC(C4(C)C)O)C)C)C,C[C@H](CC/C=C(\C)/C=O)[C@H]1CC[C@@]2([C@@]1(CCC3=C2C(=O)C[C@@H]4[C@@]3(CC[C@@H](C4(C)C)O)C)C)C,Lucialdehyde C
71453988,CC(=O)C1CC(=O)C2(C1(CC(=O)C3=C2C(CC4C3(CCC(C4(C)C)O)C)O)C)C,CC(=O)[C@H]1CC(=O)[C@@]2([C@@]1(CC(=O)C3=C2[C@H](C[C@@H]4[C@@]3(CC[C@@H](C4(C)C)O)C)O)C)C,lucidone A
475410,CC(CCC(C(C)(C)O)O)C1CCC2(C1(CCC3=C2C(=O)CC4C3(CCC(=O)C4(C)C)C)C)C,C[C@H](CC[C@@H](C(C)(C)O)O)[C@H]1CC[C@@]2([C@@]1(CCC3=C2C(=O)C[C@@H]4[C@@]3(CCC(=O)C4(C)C)C)C)C,Lucidumol A
10181133,CC(C)C(C)C=CC(C)C1CCC2C1(CCC3C2=CC(C4(C3(CCC(C4)O)C)O)O)C,C[C@H](/C=C/[C@H](C)C(C)C)[C@H]1CC[C@@H]2[C@@]1(CC[C@H]3C2=C[C@H]([C@@]4([C@@]3(CC[C@@H](C4)O)C)O)O)C,Cerevisterol
222284,CCC(CCC(C)C1CCC2C1(CCC3C2CC=C4C3(CCC(C4)O)C)C)C(C)C,CC[C@H](CC[C@@H](C)[C@H]1CC[C@@H]2[C@@]1(CC[C@H]3[C@H]2CC=C4[C@@]3(CC[C@@H](C4)O)C)C)C(C)C,beta-sitosterol
5320621,CC(C)CNC(=O)C=CC=CC1=CC2=C(C=C1)OCO2,CC(C)CNC(=O)/C=C/C=C/C1=CC2=C(C=C1)OCO2,piperlonguminine
712316,C1=CC(=C(C=C1C2C(C(=O)C3=C(C=C(C=C3O2)O)O)O)O)O,C1=CC(=C(C=C1[C@H]2[C@@H](C(=O)C3=C(C=C(C=C3O2)O)O)O)O)O,(-)-taxifolin
442834,CC1C(OC2=CC(=O)C(=CC12OC)CC=C)C3=CC(=C(C=C3)OC)OC,C[C@@H]1[C@H](OC2=CC(=O)C(=C[C@@]12OC)CC=C)C3=CC(=C(C=C3)OC)OC,Denudatin B
122159,CC1C(OC2=CC(=O)C(=CC12OC)CC=C)C3=CC(=C(C=C3)OC)OC,C[C@@H]1[C@H](OC2=CC(=O)C(=C[C@]12OC)CC=C)C3=CC(=C(C=C3)OC)OC,Kadsurenone
176097,CC1C(C2C(=O)C1(C=C(C2(C)O)OC)CC=C)C3=CC(=C(C=C3)OC)OC,C[C@H]1C([C@H]2C(=O)[C@@]1(C=C([C@]2(C)O)OC)CC=C)C3=CC(=C(C=C3)OC)OC,hancinol
6443896,CC(=CC1=CC(=C(C(=C1)OC)OC)OC)C2(C=C(C(=O)C=C2OC)CC=C)OC,C/C(=C\C1=CC(=C(C(=C1)OC)OC)OC)/C2(C=C(C(=O)C=C2OC)CC=C)OC,hancinone C
173183,CC(C)C(C)CCC(C)C1CCC2C1(CCC3C2CC=C4C3(CCC(C4)O)C)C,C[C@H](CC[C@@H](C)C(C)C)[C@H]1CC[C@@H]2[C@@]1(CC[C@H]3[C@H]2CC=C4[C@@]3(CC[C@@H](C4)O)C)C,campesterol
5281326,CC=C(CCC(C)C1CCC2C1(CCC3C2CC=C4C3(CCC(C4)O)C)C)C(C)C,C/C=C(/CC[C@@H](C)[C@H]1CC[C@@H]2[C@@]1(CC[C@H]3[C@H]2CC=C4[C@@]3(CC[C@@H](C4)O)C)C)\C(C)C,Isofucosterol
5280794,CCC(C=CC(C)C1CCC2C1(CCC3C2CC=C4C3(CCC(C4)O)C)C)C(C)C,CC[C@H](/C=C/[C@@H](C)[C@H]1CC[C@@H]2[C@@]1(CC[C@H]3[C@H]2CC=C4[C@@]3(CC[C@@H](C4)O)C)C)C(C)C,Stigmasterol
99474,CC1CCC2(C(C3C(O2)CC4C3(CCC5C4CC=C6C5(CCC(C6)O)C)C)C)OC1,C[C@@H]1CC[C@@]2([C@H]([C@H]3[C@@H](O2)C[C@@H]4[C@@]3(CC[C@H]5[C@H]4CC=C6[C@@]5(CC[C@@H](C6)O)C)C)C)OC1,diosgenin
16061189,CC1=C(C(CC(C1)O)(C)C)C=CC(=CC=CC(=CC=CC=C(C)C=CC=C(C)C=CC2=C(C(=O)C(CC2(C)C)O)C)C)C,CC1=C(C(C[C@@H](C1)O)(C)C)/C=C/C(=C/C=C/C(=C/C=C/C=C(\C)/C=C/C=C(\C)/C=C/C2=C(C(=O)[C@H](CC2(C)C)O)C)/C)/C,Doradexanthin
5281654,COC1=C(C=CC(=C1)C2=C(C(=O)C3=C(C=C(C=C3O2)O)O)O)O,COC1=C(C=CC(=C1)C2=C(C(=O)C3=C(C=C(C=C3O2)O)O)O)O,isorhamnetin
222284,CCC(CCC(C)C1CCC2C1(CCC3C2CC=C4C3(CCC(C4)O)C)C)C(C)C,CC[C@H](CC[C@@H](C)[C@H]1CC[C@@H]2[C@@]1(CC[C@H]3[C@H]2CC=C4[C@@]3(CC[C@@H](C4)O)C)C)C(C)C,sitosterol
5280794,CCC(C=CC(C)C1CCC2C1(CCC3C2CC=C4C3(CCC(C4)O)C)C)C(C)C,CC[C@H](/C=C/[C@@H](C)[C@H]1CC[C@@H]2[C@@]1(CC[C@H]3[C@H]2CC=C4[C@@]3(CC[C@@H](C4)O)C)C)C(C)C,Stigmasterol
173183,CC(C)C(C)CCC(C)C1CCC2C1(CCC3C2CC=C4C3(CCC(C4)O)C)C,C[C@H](CC[C@@H](C)C(C)C)[C@H]1CC[C@@H]2[C@@]1(CC[C@H]3[C@H]2CC=C4[C@@]3(CC[C@@H](C4)O)C)C,campesterol
92113,CC(C)C(=C)CCC(C)C1CCC2C1(CCC3C2CC=C4C3(CCC(C4)O)C)C,C[C@H](CCC(=C)C(C)C)[C@H]1CC[C@@H]2[C@@]1(CC[C@H]3[C@H]2CC=C4[C@@]3(CC[C@@H](C4)O)C)C,Ostreasterol
5281326,CC=C(CCC(C)C1CCC2C1(CCC3C2CC=C4C3(CCC(C4)O)C)C)C(C)C,C/C=C(/CC[C@@H](C)[C@H]1CC[C@@H]2[C@@]1(CC[C@H]3[C@H]2CC=C4[C@@]3(CC[C@@H](C4)O)C)C)\C(C)C,Isofucosterol
101761,CC1(CCC2(CCC3(C(=CCC4C3(CCC5C4(CCC(C5(C)C)O)C)C)C2C1)C)CO)C,C[C@]12CC[C@@H](C([C@@H]1CC[C@@]3([C@@H]2CC=C4[C@]3(CC[C@@]5([C@H]4CC(CC5)(C)C)CO)C)C)(C)C)O,Erythrodiol
10478550,CC1C2C3CCC4C5(CCC(C(C5CCC4(C3(CC(C2(CCC1=C)C)O)C)C)(C)C)O)C,C[C@H]1[C@@H]2[C@H]3CC[C@@H]4[C@]5(CC[C@@H](C([C@@H]5CC[C@]4([C@@]3(C[C@@H]([C@]2(CCC1=C)C)O)C)C)(C)C)O)C,arnidiol
572801,CC1C2C3CCC4C5(CCC(C(C5CCC4(C3(CC(C2(CCC1=C)C)O)C)C)(C)C)O)C,CC1C2C3CCC4C5(CCC(C(C5CCC4(C3(CC(C2(CCC1=C)C)O)C)C)(C)C)O)C,arnidiol
470259,CC1C2C3CCC4C5(CCC(C(C5CCC4(C3(CC(C2(CCC1=C)C)O)C)C)(C)C)O)C,C[C@H]1[C@H]2[C@H]3CCC4[C@]5(CC[C@@H](C([C@@H]5CC[C@]4([C@@]3(C[C@@H]([C@]2(CCC1=C)C)O)C)C)(C)C)O)C,arnidiol
397932,CC1C2C3CCC4C5(CCC(C(C5CCC4(C3(CC(C2(CCC1=C)C)O)C)C)(C)C)O)C,C[C@H]1[C@H]2[C@H]3CC[C@@H]4[C@]5(CC[C@@H](C([C@@H]5CC[C@]4([C@@]3(C[C@@H]([C@]2(CCC1=C)C)O)C)C)(C)C)O)C,arnidiol
5280804,C1=CC(=C(C=C1C2=C(C(=O)C3=C(C=C(C=C3O2)O)O)OC4C(C(C(C(O4)CO)O)O)O)O)O,C1=CC(=C(C=C1C2=C(C(=O)C3=C(C=C(C=C3O2)O)O)O[C@H]4[C@@H]([C@H]([C@@H]([C@H](O4)CO)O)O)O)O)O,quercetin glucoside
461835,CC(=C)C1CCC2(C1C3CCC4C5(CCC(C(C5CCC4(C3(CC2O)C)C)(C)C)O)C)C,CC(=C)[C@@H]1CC[C@]2([C@H]1[C@H]3CC[C@@H]4[C@]5(CC[C@@H](C([C@@H]5CC[C@]4([C@@]3(C[C@@H]2O)C)C)(C)C)O)C)C,Calenduladiol
260656,CC(=C)C1CCC2(C1C3CCC4C5(CCC(C(C5CCC4(C3(CC2O)C)C)(C)C)O)C)C,CC(=C)C1CCC2(C1C3CCC4C5(CCC(C(C5CCC4(C3(CC2O)C)C)(C)C)O)C)C,Calenduladiol
118705537,CC(=C)C1CCC2(C1C3CCC4C5(CCC(C(C5CCC4(C3(CC2O)C)C)(C)C)O)C)C,CC(=C)[C@@H]1CC[C@]2([C@H]1[C@H]3CCC4[C@]5(CC[C@@H](C([C@@H]5CC[C@]4([C@@]3(C[C@@H]2O)C)C)(C)C)O)C)C,Calenduladiol
24204448,CC1C(C(C(C(O1)OC2C(C(C(OC2OC3=C(OC4=CC(=CC(=C4C3=O)O)O)C5=CC(=C(C=C5)OC)O)CO)O)O)O)O)O,CC1C(C(C(C(O1)OC2C(C(C(OC2OC3=C(OC4=CC(=CC(=C4C3=O)O)O)C5=CC(=C(C=C5)OC)O)CO)O)O)O)O)O,Isorhamnetin-3-O-neohesperidoside
14238620,CC1C(C(C(C(O1)OC2C(C(C(OC2OC3=C(OC4=CC(=CC(=C4C3=O)O)O)C5=CC(=C(C=C5)O)OC)C)O)O)O)O)O,CC1C(C(C(C(O1)OC2C(C(C(OC2OC3=C(OC4=CC(=CC(=C4C3=O)O)O)C5=CC(=C(C=C5)O)OC)C)O)O)O)O)O,calendoflaside
9846222,CC1C2C3CCC4C5(CCC(C(C5CCC4(C3(CC(C2(CC=C1C)C)O)C)C)(C)C)O)C,C[C@H]1[C@@H]2[C@H]3CC[C@@H]4[C@]5(CC[C@@H](C([C@@H]5CC[C@]4([C@@]3(C[C@@H]([C@]2(CC=C1C)C)O)C)C)(C)C)O)C,faradiol
397486,CC1C2C3CCC4C5(CCC(C(C5CCC4(C3(CC(C2(CC=C1C)C)O)C)C)(C)C)O)C,C[C@H]1[C@H]2[C@H]3CC[C@@H]4[C@]5(CC[C@@H](C([C@@H]5CC[C@]4([C@@]3(C[C@@H]([C@]2(CC=C1C)C)O)C)C)(C)C)O)C,faradiol
634598,CC1C2C3CCC4C5(CCC(C(C5CCC4(C3(CC(C2(CC=C1C)C)O)C)C)(C)C)O)C,CC1C2C3CCC4C5(CCC(C(C5CCC4(C3(CC(C2(CC=C1C)C)O)C)C)(C)C)O)C,faradiol
122856,CC1C2C3CCC4C5(CCC(C(C5CCC4(C3(CC(C2(CC=C1C)C)O)C)C)(C)C)O)C,C[C@H]1[C@H]2[C@H]3CCC4[C@]5(CC[C@@H](C([C@@H]5CC[C@]4([C@@]3(C[C@@H]([C@]2(CC=C1C)C)O)C)C)(C)C)O)C,faradiol
9803424,CC1CCC2(C(CC3(C(=CCC4C3(CCC5C4(CCC(C5(C)C)O)C)C)C2C1C)C)O)C,C[C@@H]1CC[C@@]2([C@H](C[C@@]3(C(=CC[C@H]4[C@]3(CC[C@@H]5[C@@]4(CC[C@@H](C5(C)C)O)C)C)[C@@H]2[C@H]1C)C)O)C,brein
182053,CC1CCC2(C(CC3(C(=CCC4C3(CCC5C4(CCC(C5(C)C)O)C)C)C2C1C)C)O)C,C[C@@H]1CC[C@@]2([C@@H](C[C@@]3(C(=CC[C@H]4[C@]3(CC[C@@H]5[C@@]4(CC[C@@H](C5(C)C)O)C)C)[C@@H]2[C@H]1C)C)O)C,brein
5270607,CC1CCC2(C(CC3(C(=CCC4C3(CCC5C4(CCC(C5(C)C)O)C)C)C2C1C)C)O)C,C[C@@H]1CC[C@@]2([C@H](C[C@@]3(C(=CCC4[C@]3(CCC5[C@@]4(CC[C@@H](C5(C)C)O)C)C)C2[C@H]1C)C)O)C,brein
12302049,CC1CCC2(C(CC3(C(=CCC4C3(CCC5C4(CCC(C5(C)C)O)C)C)C2C1C)C)O)C,CC1CCC2(C(CC3(C(=CCC4C3(CCC5C4(CCC(C5(C)C)O)C)C)C2C1C)C)O)C,brein
12305725,CC1(CCC2(C(C1)C3=CCC4C5(CCC(C(C5CCC4(C3(CC2O)C)C)(C)C)O)C)CO)C,C[C@]12CC[C@@H](C([C@@H]1CC[C@@]3([C@@H]2CC=C4[C@]3(C[C@@H]([C@@]5([C@H]4CC(CC5)(C)C)CO)O)C)C)(C)C)O,Longispinogenin
12305723,CC1(CCC2(C(C1)C3=CCC4C5(CCC(C(C5CCC4(C3(CC2O)C)C)(C)C)O)C)CO)C,CC1(CCC2(C(C1)C3=CCC4C5(CCC(C(C5CCC4(C3(CC2O)C)C)(C)C)O)C)CO)C,Longispinogenin
12305724,CC1(CCC2(C(C1)C3=CCC4C5(CCC(C(C5CCC4(C3(CC2O)C)C)(C)C)O)C)CO)C,C[C@@]12CC[C@@H](C([C@@H]1CC[C@@]3([C@@H]2CC=C4[C@@]3(C[C@@H]([C@@]5([C@H]4CC(CC5)(C)C)CO)O)C)C)(C)C)O,Longispinogenin
23641100,CC1(CCC2(C(C1)C3=CCC4C5(CCC(C(C5CCC4(C3(CC2O)C)C)(C)C)O)C)CO)C,C[C@]12CC[C@@H](C(C1CC[C@@]3(C2CC=C4[C@]3(C[C@@H]([C@@]5([C@H]4CC(CC5)(C)C)CO)O)C)C)(C)C)O,Longispinogenin
637542,C1=CC(=CC=C1C=CC(=O)O)O,C1=CC(=CC=C1/C=C/C(=O)O)O,p-coumaric acid
5280343,C1=CC(=C(C=C1C2=C(C(=O)C3=C(C=C(C=C3O2)O)O)O)O)O,C1=CC(=C(C=C1C2=C(C(=O)C3=C(C=C(C=C3O2)O)O)O)O)O,quercetin
5280537,COC1=C(C=CC(=C1)C=CC(=O)NCCC2=CC=C(C=C2)O)O,COC1=C(C=CC(=C1)/C=C/C(=O)NCCC2=CC=C(C=C2)O)O,Moupinamide
19009,COC1=C(C2=C[N+]3=C(C=C2C=C1)C4=CC(=C(C=C4CC3)OC)OC)OC,COC1=C(C2=C[N+]3=C(C=C2C=C1)C4=CC(=C(C=C4CC3)OC)OC)OC,palmatine
5319198,CC1(CCC2C(C3C1CCC3(C)O)OC(=O)C2=C)O,C[C@]1(CC[C@@H]2[C@@H]([C@@H]3[C@H]1CC[C@@]3(C)O)OC(=O)C2=C)O,Magnograndiolide
443422,COC1=C(C2=C(CC3C4=CC5=C(C=C4CCN3C2)OCO5)C=C1)OC,COC1=C(C2=C(C[C@@H]3C4=CC5=C(C=C4CCN3C2)OCO5)C=C1)OC,(R)-Canadine
5280343,C1=CC(=C(C=C1C2=C(C(=O)C3=C(C=C(C=C3O2)O)O)O)O)O,C1=CC(=C(C=C1C2=C(C(=O)C3=C(C=C(C=C3O2)O)O)O)O)O,quercetin
20055073,CC1=C2C3=CC4=C(C=C3CC[N+]2=CC5=CC6=C(C=C15)OCO6)OCO4,CC1=C2C3=CC4=C(C=C3CC[N+]2=CC5=CC6=C(C=C15)OCO6)OCO4,Worenine
119041,CC1(C2CC(=O)C3(C(C2(C=CC(=O)O1)C)CCC4(C35C(O5)C(=O)OC4C6=COC=C6)C)C)C,C[C@@]12CC[C@@H]3[C@]4(C=CC(=O)OC([C@@H]4CC(=O)[C@]3([C@@]15[C@H](O5)C(=O)O[C@H]2C6=COC=C6)C)(C)C)C,Obacunone
160876,COC1=C(C=C2C(=C1)CC[N+]3=C2C=C4C=CC5=C(C4=C3)OCO5)OC,COC1=C(C=C2C(=C1)CC[N+]3=C2C=C4C=CC5=C(C4=C3)OCO5)OC,epiberberine
89047,C1CNC(=O)C2=CC3=C(C=C21)OCO3,C1CNC(=O)C2=CC3=C(C=C21)OCO3,Noroxyhydrastinine
287064,COC(=O)C1=CC(=C(C=C1)O)O,COC(=O)C1=CC(=C(C=C1)O)O,Methyl protocatechuate
11600642,C1=CC(=C(C=C1CC(C(=O)O)O)O)O,C1=CC(=C(C=C1C[C@H](C(=O)O)O)O)O,danshensu
2353,COC1=C(C2=C[N+]3=C(C=C2C=C1)C4=CC5=C(C=C4CC3)OCO5)OC,COC1=C(C2=C[N+]3=C(C=C2C=C1)C4=CC5=C(C=C4CC3)OCO5)OC,berberine
11066,COC1=C(C2=C(C=C1)C=C3C4=CC5=C(C=C4CCN3C2=O)OCO5)OC,COC1=C(C2=C(C=C1)C=C3C4=CC5=C(C=C4CCN3C2=O)OCO5)OC,Berlambine
72703,COC1=C(C2=C[N+]3=C(C=C2C=C1)C4=CC5=C(C=C4CC3)OCO5)O.[Cl-],COC1=C(C2=C[N+]3=C(C=C2C=C1)C4=CC5=C(C=C4CC3)OCO5)O.[Cl-],berberrubine
72704,COC1=C(C2=C[N+]3=C(C=C2C=C1)C4=CC5=C(C=C4CC3)OCO5)O,COC1=C(C2=C[N+]3=C(C=C2C=C1)C4=CC5=C(C=C4CC3)OCO5)O,berberrubine
145994872,COC1=C(C2=C[N+]3=C(C=C2C=C1)C4=CC5=C(C=C4CC3)OCO5)O.Cl,COC1=C(C2=C[N+]3=C(C=C2C=C1)C4=CC5=C(C=C4CC3)OCO5)O.Cl,berberrubine
8468,COC1=C(C=CC(=C1)C(=O)O)O,COC1=C(C=CC(=C1)C(=O)O)O,vanillic acid
5320384,CC1=CC2=C(C(=C1)O)C(=O)C3=C(C2C4C5=C(C(=CC=C5)O)C(=O)C6=C4C=C(C=C6O)CO)C=C(C=C3O)O,CC1=CC2=C(C(=C1)O)C(=O)C3=C(C2C4C5=C(C(=CC=C5)O)C(=O)C6=C4C=C(C=C6O)CO)C=C(C=C3O)O,Palmidin A
12127,COC1=C(C=C(C=C1)C=O)O,COC1=C(C=C(C=C1)C=O)O,Isovanillin
72322,C1C[N+]2=C(C=C3C=CC4=C(C3=C2)OCO4)C5=CC6=C(C=C51)OCO6,C1C[N+]2=C(C=C3C=CC4=C(C3=C2)OCO4)C5=CC6=C(C=C51)OCO6,coptisine
3469,C1=CC(=C(C=C1O)C(=O)O)O,C1=CC(=C(C=C1O)C(=O)O)O,GENOP
3084708,COC1=C(C=C2CC[N+]3=C(C2=C1)C=C4C=CC5=C(C4=C3)OCO5)O,COC1=C(C=C2CC[N+]3=C(C2=C1)C=C4C=CC5=C(C4=C3)OCO5)O,groenlandicine
129670,C1=CC=C(C=C1)CCC2=CC(=O)C3=C(C=CC(=C3O2)O)O,C1=CC=C(C=C1)CCC2=CC(=O)C3=C(C=CC(=C3O2)O)O,DPEC
442341,CN1CCC2=CC(=C3C=C2C1CC4=CC=C(C=C4)OC5=C(C=CC(=C5)CC6C7=C(O3)C(=C(C=C7CCN6C)OC)OC)O)OC,CN1CCC2=CC(=C3C=C2[C@H]1CC4=CC=C(C=C4)OC5=C(C=CC(=C5)C[C@@H]6C7=C(O3)C(=C(C=C7CCN6C)OC)OC)O)OC,Pycnamine
72310,COC1=C(C2=C[N+]3=C(C=C2C=C1)C4=CC(=C(C=C4CC3)OC)O)OC,COC1=C(C2=C[N+]3=C(C=C2C=C1)C4=CC(=C(C=C4CC3)OC)O)OC,columbamine
73078,CN1CCC2=CC(=C3C=C2C1CC4=CC=C(C=C4)OC5=C(C=CC(=C5)CC6C7=C(O3)C(=C(C=C7CCN6C)OC)OC)OC)OC,CN1CCC2=CC(=C3C=C2[C@@H]1CC4=CC=C(C=C4)OC5=C(C=CC(=C5)C[C@H]6C7=C(O3)C(=C(C=C7CCN6C)OC)OC)OC)OC,tetrandrine
179651,CC1(C2CC(=O)C3(C(C24COC(=O)CC4O1)CCC5(C36C(O6)C(=O)OC5C7=COC=C7)C)C)C,C[C@@]12CC[C@H]3[C@]([C@@]14[C@H](O4)C(=O)O[C@H]2C5=COC=C5)(C(=O)C[C@@H]6[C@@]37COC(=O)C[C@@H]7OC6(C)C)C,limonin
44144270,CC12CCC3C(C(CC(=O)C3(C14C(O4)C(=O)OC2C5=COC=C5)C)C(C)(C)O)(C)C=CC(=O)O,C[C@@]12CC[C@@H]3[C@@]([C@@H](CC(=O)[C@]3([C@@]14[C@H](O4)C(=O)O[C@H]2C5=COC=C5)C)C(C)(C)O)(C)/C=C\C(=O)O,Obacunoic acid
21140842,CC12CCC3C(C(CC(=O)C3(C14C(O4)C(=O)OC2C5=COC=C5)C)C(C)(C)O)(C)C=CC(=O)O,C[C@@]12CC[C@@H]3[C@@]([C@@H](CC(=O)[C@]3([C@@]14[C@H](O4)C(=O)O[C@H]2C5=COC=C5)C)C(C)(C)O)(C)/C=C/C(=O)O,Obacunoic acid
44575842,CC12CCC3C(C(CC(=O)C3(C14C(O4)C(=O)OC2C5=COC=C5)C)C(C)(C)O)(C)C=CC(=O)O,C[C@@]12CC[C@@H]3[C@@]([C@@H](CC(=O)[C@]3([C@@]14[C@H](O4)C(=O)O[C@@H]2C5=COC=C5)C)C(C)(C)O)(C)/C=C\C(=O)O,Obacunoic acid
54611038,CC12CCC3C(C(CC(=O)C3(C14C(O4)C(=O)OC2C5=COC=C5)C)C(C)(C)O)(C)C=CC(=O)O,C[C@@]12CC[C@@H]3[C@@]([C@@H](CC(=O)[C@]3([C@@]14[C@H](O4)C(=O)OC2C5=COC=C5)C)C(C)(C)O)(C)/C=C/C(=O)O,Obacunoic acid
5091219,CC1C(C(CC(O1)OC2CCC3(C4CCC5(C(CCC5(C4CCC3(C2)O)O)C6=CC(=O)OC6)C)C=O)O)O,CC1C(C(CC(O1)OC2CCC3(C4CCC5(C(CCC5(C4CCC3(C2)O)O)C6=CC(=O)OC6)C)C=O)O)O,Corchoroside A
10149,CC1=C(C(=C2C(=C1O)C(=O)C=C(C2=O)OC)O)CC(=O)C,CC1=C(C(=C2C(=C1O)C(=O)C=C(C2=O)OC)O)CC(=O)C,Javanicin
6436246,CC=C(C)C(=O)OC(C)(C)C1CC2=C(O1)C=CC3=C2OC(=O)C=C3,C/C=C(/C)\C(=O)OC(C)(C)[C@@H]1CC2=C(O1)C=CC3=C2OC(=O)C=C3,Zosimin
1794427,C1C(C(C(CC1(C(=O)O)O)OC(=O)C=CC2=CC(=C(C=C2)O)O)O)O,C1[C@H]([C@H]([C@@H](C[C@@]1(C(=O)O)O)OC(=O)/C=C/C2=CC(=C(C=C2)O)O)O)O,Heriguard
442333,CN1CCC2=CC(=C(C3=C2C1CC4=CC=C(C=C4)OC5=C(C=CC(=C5)CC6C7=CC(=C(C=C7CCN6C)OC)O3)O)OC)OC,CN1CCC2=CC(=C(C3=C2[C@@H]1CC4=CC=C(C=C4)OC5=C(C=CC(=C5)C[C@@H]6C7=CC(=C(C=C7CCN6C)OC)O3)O)OC)OC,Oxyacanthine
441064,CN1CCC2=CC(=C3C=C2C1CC4=CC=C(C=C4)OC5=C(C=CC(=C5)CC6C7=C(O3)C(=C(C=C7CCN6C)OC)O)O)OC,CN1CCC2=CC(=C3C=C2[C@@H]1CC4=CC=C(C=C4)OC5=C(C=CC(=C5)C[C@@H]6C7=C(O3)C(=C(C=C7CCN6C)OC)O)O)OC,Obamegine
3081405,C[N+]12CCC3=CC(=C(C=C3C1CC4=CC(=C(C=C4C2)OC)O)O)OC,C[N@@+]12CCC3=CC(=C(C=C3[C@@H]1CC4=CC(=C(C=C4C2)OC)O)O)OC,phellodendrine
59819,C[N+]12CCC3=CC(=C(C=C3C1CC4=CC(=C(C=C4C2)OC)O)O)OC,C[N+]12CCC3=CC(=C(C=C3[C@@H]1CC4=CC(=C(C=C4C2)OC)O)O)OC,phellodendrine
12305144,C[N+]12CCC3=CC(=C(C=C3C1CC4=CC(=C(C=C4C2)OC)O)O)OC,C[N+]12CCC3=CC(=C(C=C3C1CC4=CC(=C(C=C4C2)OC)O)O)OC,phellodendrine
73337,C[N+]1(CCC2=CC(=C(C3=C2C1CC4=C3C(=C(C=C4)OC)O)O)OC)C,C[N+]1(CCC2=CC(=C(C3=C2[C@@H]1CC4=C3C(=C(C=C4)OC)O)O)OC)C,magnoflorine
442847,C1CCN(CCCNC(=O)CC(NC1)C2=CC=CC=C2)C(=O)C3=CC=CC=C3,C1CCN(CCCNC(=O)C[C@H](NC1)C2=CC=CC=C2)C(=O)C3=CC=CC=C3,Celabenzine
441965,C1=CC=C2C(=C1)C3=C(C(=O)C4=CC=CC=C4O3)C(=O)O2,C1=CC=C2C(=C1)C3=C(C(=O)C4=CC=CC=C4O3)C(=O)O2,Frutinone A
91510,C1C2C(C3=C(O1)C=C(C=C3)O)OC4=CC5=C(C=C24)OCO5,C1[C@@H]2[C@H](C3=C(O1)C=C(C=C3)O)OC4=CC5=C(C=C24)OCO5,Inermin
96943,CC1=CC2=C(C3=C1OC(C=C3)(C)C)NC4=CC=CC=C42,CC1=CC2=C(C3=C1OC(C=C3)(C)C)NC4=CC=CC=C42,Girinimbin
4970,CN1CCC2=CC3=C(C=C2C(=O)CC4=C(C1)C5=C(C=C4)OCO5)OCO3,CN1CCC2=CC3=C(C=C2C(=O)CC4=C(C1)C5=C(C=C4)OCO5)OCO3,Fumarine
90473155,CC1CCC(C2(C13CC(C(C2OC(=O)C4=CC=CC=C4)OC(=O)C)C(O3)(C)C)CO)O,CC1CCC(C2(C13CC(C(C2OC(=O)C4=CC=CC=C4)OC(=O)C)C(O3)(C)C)CO)O,malkangunin
132350840,COC1=C(C=C(C=C1)CC2COC(=O)C2=CC3=CC4=C(C=C3)OCO4)OC,COC1=C(C=C(C=C1)C[C@H]\2COC(=O)/C2=C/C3=CC4=C(C=C3)OCO4)OC,suchilactone
444899,CCCCCC=CCC=CCC=CCC=CCCCC(=O)O,CCCCC/C=C\C/C=C\C/C=C\C/C=C\CCCC(=O)O,arachidonate
5280794,CCC(C=CC(C)C1CCC2C1(CCC3C2CC=C4C3(CCC(C4)O)C)C)C(C)C,CC[C@H](/C=C/[C@@H](C)[C@H]1CC[C@@H]2[C@@]1(CC[C@H]3[C@H]2CC=C4[C@@]3(CC[C@@H](C4)O)C)C)C(C)C,Stigmasterol
395120,CC1(OC(C(O1)CP(C2=CC=CC=C2)C3=CC=CC=C3)CP(C4=CC=CC=C4)C5=CC=CC=C5)C,CC1(O[C@H]([C@@H](O1)CP(C2=CC=CC=C2)C3=CC=CC=C3)CP(C4=CC=CC=C4)C5=CC=CC=C5)C,Diop
439680,C(C1C(C(C(C(O1)O)O)O)O)O,C([C@@H]1[C@H]([C@@H]([C@@H]([C@@H](O1)O)O)O)O)O,GUP
444314,C(C1C(C(C(C(O1)O)O)O)O)O,C([C@H]1[C@H]([C@@H]([C@@H]([C@@H](O1)O)O)O)O)O,GUP
6971098,C(C1C(C(C(C(O1)O)O)O)O)O,C([C@H]1[C@H]([C@@H]([C@@H]([C@H](O1)O)O)O)O)O,GUP
5281149,CCCCCCCC=CCC#CC#CC(C=C)O,CCCCCCC/C=C\CC#CC#C[C@@H](C=C)O,panaxynol
5469789,CCCCCCCC=CCC#CC#CC(C=C)O,CCCCCCC/C=C\CC#CC#C[C@H](C=C)O,panaxynol
5283273,CCCCCCCC=CCC#CC#CC(C=C)O,CCCCCCC/C=C\CC#CC#CC(C=C)O,panaxynol
5353620,CCCCCCCC=CCC#CC#CC(C=C)O,CCCCCCC/C=C/CC#CC#CC(C=C)O,panaxynol
3322,CCCCCCCC=CCC#CC#CC(C=C)O,CCCCCCCC=CCC#CC#CC(C=C)O,panaxynol
5284421,CCCCCC=CCC=CCCCCCCCC(=O)OC,CCCCC/C=C\C/C=C\CCCCCCCC(=O)OC,METHYL LINOLEATE
5280450,CCCCCC=CCC=CCCCCCCCC(=O)O,CCCCC/C=C\C/C=C\CCCCCCCC(=O)O,Linoleic
5280863,C1=CC(=CC=C1C2=C(C(=O)C3=C(C=C(C=C3O2)O)O)O)O,C1=CC(=CC=C1C2=C(C(=O)C3=C(C=C(C=C3O2)O)O)O)O,kaempferol
13854,C1=CNC(=C1)C=O,C1=CNC(=C1)C=O,2-Formylpyrrole
441562,C1=CC(=C(C=C1O)NC2=C(C=CC(=C2)O)C(=O)O)C(=O)O,C1=CC(=C(C=C1O)NC2=C(C=CC(=C2)O)C(=O)O)C(=O)O,Dianthramine
5317633,C=CCCCCCC(C(CC#CC#CC(C=C)O)O)Cl,C=CCCCCCC(C(CC#CC#CC(C=C)O)O)Cl,Ginsenoyne B
285342,CC(C)CCC(CC(=O)OC)(C(=O)OC1C2C3=CC4=C(C=C3CCN5C2(CCC5)C=C1OC)OCO4)O,CC(C)CC[C@@](CC(=O)OC)(C(=O)O[C@H]1[C@H]2C3=CC4=C(C=C3CCN5[C@@]2(CCC5)C=C1OC)OCO4)O,Deoxyharringtonine
98476,CC(C)CCC(CC(=O)OC)(C(=O)OC1C2C3=CC4=C(C=C3CCN5C2(CCC5)C=C1OC)OCO4)O,CC(C)CCC(CC(=O)OC)(C(=O)OC1C2C3=CC4=C(C=C3CCN5C2(CCC5)C=C1OC)OCO4)O,Deoxyharringtonine
56840949,CC(C)CCC(CC(=O)OC)(C(=O)OC1C2C3=CC4=C(C=C3CCN5C2(CCC5)C=C1OC)OCO4)O,CC(C)CC[C@](CC(=O)OC)(C(=O)OC1[C@H]2C3=CC4=C(C=C3CCN5C2(CCC5)C=C1OC)OCO4)O,Deoxyharringtonine
21160900,CC1=CC(CC(C1C=CC(=CC=CC(=CC=CC=C(C)C=CC=C(C)C2C=C3C(CC(CC3(O2)C)O)(C)C)C)C)(C)C)O,CC1=C[C@@H](CC([C@H]1/C=C/C(=C/C=C/C(=C/C=C/C=C(\C)/C=C/C=C(\C)/[C@@H]2C=C3[C@](O2)(C[C@H](CC3(C)C)O)C)/C)/C)(C)C)O,Chrysanthemaxanthin
5376313,CC1=CC(CC(C1C=CC(=CC=CC(=CC=CC=C(C)C=CC=C(C)C2C=C3C(CC(CC3(O2)C)O)(C)C)C)C)(C)C)O,CC1=CC(CC(C1/C=C/C(=C/C=C/C(=C/C=C/C=C(\C)/C=C/C=C(\C)/C2C=C3C(CC(CC3(O2)C)O)(C)C)/C)/C)(C)C)O,Chrysanthemaxanthin
101298745,CC1=CC(CC(C1C=CC(=CC=CC(=CC=CC=C(C)C=CC=C(C)C2C=C3C(CC(CC3(O2)C)O)(C)C)C)C)(C)C)O,CC1=C[C@H](CC([C@H]1/C=C/C(=C/C=C/C(=C/C=C/C=C(\C)/C=C/C=C(/C)\[C@@H]2C=C3[C@](O2)(C[C@H](CC3(C)C)O)C)/C)/C)(C)C)O,Chrysanthemaxanthin
6403,CCC(C)(C)C,CCC(C)(C)C,Neohexane
140213,CCCCC(C)(CC)CC,CCCCC(C)(CC)CC,3-Ethyl-3-methylheptane
11519,CCCCC(C)CC,CCCCC(C)CC,3-methylheptane
222284,CCC(CCC(C)C1CCC2C1(CCC3C2CC=C4C3(CCC(C4)O)C)C)C(C)C,CC[C@H](CC[C@@H](C)[C@H]1CC[C@@H]2[C@@]1(CC[C@H]3[C@H]2CC=C4[C@@]3(CC[C@@H](C4)O)C)C)C(C)C,beta-sitosterol
521718,CC(=O)OCCCCCCCCCCCCC=C,CC(=O)OCCCCCCCCCCCCC=C,13-Tetradecenyl acetate
5320336,CCCCCCCC1C(O1)CC#CC#CC(=O)C=C,CCCCCCCC1C(O1)CC#CC#CC(=O)C=C,Ginsenoyne E
119307,CC(=CCCC(C)(C1CCC2(C1C(CC3C2(CCC4C3(CCC(C4(C)C)OC5C(C(C(C(O5)CO)O)O)O)C)C)O)C)O)C,CC(=CCC[C@@](C)([C@H]1CC[C@@]2([C@@H]1[C@@H](C[C@H]3[C@]2(CC[C@@H]4[C@@]3(CC[C@@H](C4(C)C)O[C@H]5[C@@H]([C@H]([C@@H]([C@H](O5)CO)O)O)O)C)C)O)C)O)C,ginsenoside rh2
5282745,CCCCCCC=CCCCCCCCC(=O)O,CCCCCC/C=C/CCCCCCCC(=O)O,9-HEXADECENOIC ACID
114835,C[Se]CC(C(=O)O)N,C[Se]CC(C(=O)O)N,Methylselenocysteine
147004,C[Se]CC(C(=O)O)N,C[Se]C[C@@H](C(=O)O)N,Methylselenocysteine
6603933,C[Se]CC(C(=O)O)N,C[Se]C[C@H](C(=O)O)N,Methylselenocysteine
638303,CCCCCCC=CCCCCCCCC(=O)OC,CCCCCC/C=C/CCCCCCCC(=O)OC,Methyl palmitelaidate
93484,CCCCCCCC(C(CC#CC#CC(C=C)O)O)O,CCCCCCCC(C(CC#CC#CC(C=C)O)O)O,Panaxytriol
73498,CC1(CCCC(O1)(C)C2CCC3(C2C(CC4C3(CCC5C4(CCC(C5(C)C)O)C)C)O)C)C,C[C@@]1(CCCC(O1)(C)C)[C@H]2CC[C@@]3([C@@H]2[C@@H](C[C@H]4[C@]3(CC[C@@H]5[C@@]4(CC[C@@H](C5(C)C)O)C)C)O)C,Panaxadiol
439238,C(C(C(C(=O)O)O)C(=O)O)C(=O)O,C([C@H]([C@H](C(=O)O)O)C(=O)O)C(=O)O,L-erythro-isocitric acid
6438572,CC=C(C)C(=O)OC1C2=CC(=C(C(=C2C3=C(C4=C(C=C3CC(C1(C)O)C)OCO4)OC)OC)OC)OC,C/C=C(/C)\C(=O)O[C@H]1C2=CC(=C(C(=C2C3=C(C4=C(C=C3C[C@@H]([C@]1(C)O)C)OCO4)OC)OC)OC)OC,Gomisin B
5367776,CC=C(C)C(=O)OC1C2=CC(=C(C(=C2C3=C(C4=C(C=C3CC(C1(C)O)C)OCO4)OC)OC)OC)OC,C/C=C(/C)\C(=O)OC1C2=CC(=C(C(=C2C3=C(C4=C(C=C3CC(C1(C)O)C)OCO4)OC)OC)OC)OC,Gomisin B
6443826,CC=C(C)C(=O)OC1C2=CC(=C(C(=C2C3=C(C4=C(C=C3CC(C1(C)O)C)OCO4)OC)OC)OC)OC,C/C=C(\C)/C(=O)O[C@H]1C2=CC(=C(C(=C2C3=C(C4=C(C=C3C[C@@H]([C@]1(C)O)C)OCO4)OC)OC)OC)OC,Gomisin B
10416,CCCCCCCCC1=C(C1)CCCCCCC(=O)O,CCCCCCCCC1=C(C1)CCCCCCC(=O)O,Malvic acid
5281515,CC1=CCCC(=C)C2CC(C2CC1)(C)C,C/C/1=C\CCC(=C)[C@H]2CC([C@@H]2CC1)(C)C,beta-caryophyllene
11213350,CC(=CCCC(C)(C1CCC2(C1C(CC3C2(CCC4C3(CCC(C4(C)C)O)C)C)O)C)O)C,CC(=CCC[C@@](C)([C@H]1CC[C@@]2([C@@H]1[C@@H](C[C@H]3[C@]2(CC[C@@H]4[C@@]3(CC[C@@H](C4(C)C)O)C)C)O)C)O)C,20(s)-protopanaxadiol
9920281,CC(=CCCC(C)(C1CCC2(C1C(CC3C2(CCC4C3(CCC(C4(C)C)O)C)C)O)C)O)C,CC(=CCC[C@](C)([C@H]1CC[C@@]2([C@@H]1[C@@H](C[C@H]3[C@]2(CC[C@@H]4[C@@]3(CC[C@@H](C4(C)C)O)C)C)O)C)O)C,20(s)-protopanaxadiol
71463826,CC(=CCCC(C)(C1CCC2(C1C(CC3C2(CCC4C3(CCC(C4(C)C)O)C)C)O)C)O)C,CC(=CCC[C@](C)([C@H]1CC[C@]2([C@@H]1[C@@H](C[C@H]3[C@]2(CC[C@@H]4[C@@]3(CC[C@@H](C4(C)C)O)C)C)O)C)O)C,20(s)-protopanaxadiol
11213350,CC(=CCCC(C)(C1CCC2(C1C(CC3C2(CCC4C3(CCC(C4(C)C)O)C)C)O)C)O)C,CC(=CCC[C@@](C)([C@H]1CC[C@@]2([C@@H]1[C@@H](C[C@H]3[C@]2(CC[C@@H]4[C@@]3(CC[C@@H](C4(C)C)O)C)C)O)C)O)C,"(3S,5R,8R,9R,10R,12R,13R,14R,17S)-17-[(2S)-2-hydroxy-6-methylhept-5-en-2-yl]-4,4,8,10,14-pentamethyl-2,3,5,6,7,9,11,12,13,15,16,17-dodecahydro-1H-cyclopenta[a]phenanthrene-3,12-diol"
3800204,CC(=CCCC(C)(C1CCC2(C1C(CC3C2(CCC4C3(CCC(C4(C)C)O)C)C)O)C)O)C,CC(=CCCC(C)(C1CCC2(C1C(CC3C2(CCC4C3(CCC(C4(C)C)O)C)C)O)C)O)C,"(3R,5R,8R,9R,10R,12R,13R,14R,17S)-17-[(2S)-2-hydroxy-6-methylhept-5-en-2-yl]-4,4,8,10,14-pentamethyl-2,3,5,6,7,9,11,12,13,15,16,17-dodecahydro-1H-cyclopenta[a]phenanthrene-3,12-diol"
10104370,CC1=CCC(CC1)C(=C)CCC=C(C)C,CC1=CC[C@H](CC1)C(=C)CCC=C(C)C,beta-Bisabolene
5463047,CCCCCCCCC=CCCCCCCCCCC(=O)OC,CCCCCCCC/C=C\CCCCCCCCCC(=O)OC,methyl (Z)-icos-11-enoate
94253,CC1C2CCC3(C(C2OC1=O)C(C=CC3=O)(C)O)C,C[C@H]1[C@@H]2CC[C@@]3([C@@H]([C@H]2OC1=O)[C@](C=CC3=O)(C)O)C,Vulgarin
11092,CC(=O)C1=C(C=C(C=C1)OC)O,CC(=O)C1=C(C=C(C=C1)OC)O,paeonol
5315393,CC(=C)C(CC1=CC(=CC2=C1OC(C=C2)(C)C)C3=CC(=O)C4=C(C=C(C=C4O3)O)O)O,CC(=C)C(CC1=CC(=CC2=C1OC(C=C2)(C)C)C3=CC(=O)C4=C(C=C(C=C4O3)O)O)O,Yinyanghuo A
5317025,CC1C(C(C(C(O1)OCC2C(C(C(C(O2)OC3=CC(=C4C(=C3)OC(=CC4=O)C5=CC=C(C=C5)OC)O)O)O)O)O)O)O,C[C@H]1[C@@H]([C@H]([C@H]([C@@H](O1)OC[C@@H]2[C@H]([C@@H]([C@H]([C@@H](O2)OC3=CC(=C4C(=C3)OC(=CC4=O)C5=CC=C(C=C5)OC)O)O)O)O)O)O)O,Linarin
5283637,CC(C)C(C)CCC(C)C1CCC2C1(CCC3C2CC=C4C3(CCC(C4)O)C)C,C[C@H](CC[C@H](C)C(C)C)[C@H]1CC[C@@H]2[C@@]1(CC[C@H]3[C@H]2CC=C4[C@@]3(CC[C@@H](C4)O)C)C,24-epicampesterol
128994,CC1=COC2=C1C(=O)C(=O)C3=C2C=CC4=C3C=CCC4(C)C,CC1=COC2=C1C(=O)C(=O)C3=C2C=CC4=C3C=CCC4(C)C,Dehydrotanshinone II A
5280442,COC1=CC=C(C=C1)C2=CC(=O)C3=C(C=C(C=C3O2)O)O,COC1=CC=C(C=C1)C2=CC(=O)C3=C(C=C(C=C3O2)O)O,acacetin
145659,COC1=C(C=C(C=C1)C2=CC(=O)C3=C(C(=C(C=C3O2)OC)OC)OC)OC,COC1=C(C=C(C=C1)C2=CC(=O)C3=C(C(=C(C=C3O2)OC)OC)OC)OC,Sinensetin
622085,CC1=C2C=CC3=C(C2=CC=C1)C(=O)C(=O)C4=C3OC=C4CO,CC1=C2C=CC3=C(C2=CC=C1)C(=O)C(=O)C4=C3OC=C4CO,Przewaquinone B
389885,CC1=C2C=CC3=C4C2=C(C=C1)C(=O)C(=C4OC3(C)C)C(C)C,CC1=C2C=CC3=C4C2=C(C=C1)C(=O)C(=C4OC3(C)C)C(C)C,Salvilenone
3001662,CC1CC2=CC3=C(C(=C2C4=C(C(=C(C=C4CC1(C)O)OC)OC)OC)OC)OCO3,C[C@H]1CC2=CC3=C(C(=C2C4=C(C(=C(C=C4C[C@]1(C)O)OC)OC)OC)OC)OCO3,Gomisin-A
21769896,CCC(C=CC(C)C1CCC2C1(CCC3C2C(C=C4C3(CCC(C4)O)C)O)C)C(C)C,CC[C@H](/C=C/[C@@H](C)[C@H]1CC[C@@H]2[C@@]1(CC[C@H]3[C@H]2[C@@H](C=C4[C@@]3(CC[C@@H](C4)O)C)O)C)C(C)C,"Stigmasta-5,22-diene-3beta,7alpha-diol"
16102114,CC(C)C1=CC23CCC4C(=CCCC4(C)C)C2OC(=O)C3(C1=O)O,CC(C)C1=C[C@]23CCC4C(=CCCC4(C)C)[C@H]2OC(=O)[C@@]3(C1=O)O,przewalskin b
98912,C1=CC=C2C(=C1)C=C3C(=N2)C4=CC=CC=C4N3,C1=CC=C2C(=C1)C=C3C(=N2)C4=CC=CC=C4N3,quindoline
54711004,C1=C(C=C(C(=C1O)[O-])O)C(=O)OC2=CC(=CC(=C2O)O)C(=O)O,C1=C(C=C(C(=C1O)[O-])O)C(=O)OC2=CC(=CC(=C2O)O)C(=O)O,digallate
114829,C1C(OC2=C(C1=O)C=CC(=C2)O)C3=CC=C(C=C3)O,C1[C@H](OC2=C(C1=O)C=CC(=C2)O)C3=CC=C(C=C3)O,DFV
403772,CC1=C2CCCC(C3(C2=C(C=C1)C=C(C3=O)C(C)C)O)(C)C,CC1=C2CCCC([C@@]3(C2=C(C=C1)C=C(C3=O)C(C)C)O)(C)C,microstegiol
119112,CC1CC2=CC3=C(C(=C2C4=C(C5=C(C=C4CC1C)OCO5)OC)OC)OCO3,CC1CC2=CC3=C(C(=C2C4=C(C5=C(C=C4CC1C)OCO5)OC)OC)OCO3,Wuweizisu C
443027,CC1CC2=CC3=C(C(=C2C4=C(C5=C(C=C4CC1C)OCO5)OC)OC)OCO3,C[C@@H]1CC2=CC3=C(C(=C2C4=C(C5=C(C=C4C[C@@H]1C)OCO5)OC)OC)OCO3,Wuweizisu C
13652150,CC1CC2=CC3=C(C(=C2C4=C(C5=C(C=C4CC1C)OCO5)OC)OC)OCO3,C[C@H]1CC2=CC3=C(C(=C2C4=C(C5=C(C=C4C[C@@H]1C)OCO5)OC)OC)OCO3,Wuweizisu C
126073,CC1=COC2=C1C(=O)C(=O)C3=C2C=CC4=C3CCC(C4CO)O,CC1=COC2=C1C(=O)C(=O)C3=C2C=CC4=C3CCC(C4CO)O,przewaquinone f
105118,CC1=COC2=C1C(=O)C(=O)C3=C2C=CC4=C3CCCC4=C,CC1=COC2=C1C(=O)C(=O)C3=C2C=CC4=C3CCCC4=C,Methylenetanshinquinone
5280666,COC1=C(C=CC(=C1)C2=CC(=O)C3=C(C=C(C=C3O2)O)O)O,COC1=C(C=CC(=C1)C2=CC(=O)C3=C(C=C(C=C3O2)O)O)O,Chryseriol
3034394,CC1(CCCC2(C1CCC(=C)C2CCC(C)(C=C)O)C)C,C[C@]12CCCC([C@@H]1CCC(=C)[C@@H]2CC[C@](C)(C=C)O)(C)C,manool
222284,CCC(CCC(C)C1CCC2C1(CCC3C2CC=C4C3(CCC(C4)O)C)C)C(C)C,CC[C@H](CC[C@@H](C)[C@H]1CC[C@@H]2[C@@]1(CC[C@H]3[C@H]2CC=C4[C@@]3(CC[C@@H](C4)O)C)C)C(C)C,sitosterol
14992067,CC1CC2=CC(=C(C(=C2C3=C(C4=C(C=C3C(C1(C)O)OC(=O)C5=CC=CC=C5)OCO4)OC)OC)OC)OC,C[C@H]1CC2=CC(=C(C(=C2C3=C(C4=C(C=C3[C@@H]([C@@]1(C)O)OC(=O)C5=CC=CC=C5)OCO4)OC)OC)OC)OC,Gomisin G
107982,CC(C)CCCCCCC(=O)NCC1=CC(=C(C=C1)O)OC,CC(C)CCCCCCC(=O)NCC1=CC(=C(C=C1)O)OC,Dihydrocapsaicin
433636,CC1(CCCC23C1C(C(C45C2CCC(C4O)C(=C)C5=O)(OC3)O)O)C,CC1(CCCC23C1C(C(C45C2CCC(C4O)C(=C)C5=O)(OC3)O)O)C,Longikaurin A
156826,CC1(CCCC23C1C(C(C45C2CCC(C4O)C(=C)C5=O)(OC3)O)O)C,CC1(CCCC23[C@@H]1[C@@H](C([C@]45[C@H]2CC[C@H](C4O)C(=C)C5=O)(OC3)O)O)C,Longikaurin A
102117144,CC1(CCCC23C1C(C(C45C2CCC(C4O)C(=C)C5=O)(OC3)O)O)C,CC1(CCC[C@]23[C@@H]1[C@@H]([C@]([C@]45[C@H]2CC[C@H]([C@H]4O)C(=C)C5=O)(OC3)O)O)C,Longikaurin A
369901,CC1(CCCC23C1C(C(C45C2CCC(C4O)C(=C)C5=O)(OC3)O)O)C,CC1(CCCC23[C@@H]1[C@@H]([C@@](C45[C@H]2CCC(C4O)C(=C)C5=O)(OC3)O)O)C,Longikaurin A
5459197,CC1(CCCC23C1C(C(C45C2CCC(C4O)C(=C)C5=O)(OC3)O)O)C,CC1(CCCC23[C@@H]1[C@@H]([C@@](C45[C@H]2CC[C@@H]([C@@H]4O)C(=C)C5=O)(OC3)O)O)C,Longikaurin A
70698023,CC1(CCCC23C1C(C(C45C2CCC(C4O)C(=C)C5=O)(OC3)O)O)C,CC1(CCC[C@]23[C@@H]1[C@@H]([C@]([C@]45[C@H]2CC[C@@H]([C@H]4O)C(=C)C5=O)(OC3)O)O)C,Longikaurin A
97214,COC1=C(C=C(C=C1)C2=CC(=O)C3=C(C(=C(C=C3O2)OC)OC)O)O,COC1=C(C=C(C=C1)C2=CC(=O)C3=C(C(=C(C=C3O2)OC)OC)O)O,EUPATORIN
5280445,C1=CC(=C(C=C1C2=CC(=O)C3=C(C=C(C=C3O2)O)O)O)O,C1=CC(=C(C=C1C2=CC(=O)C3=C(C=C(C=C3O2)O)O)O)O,luteolin
14583584,CC1(CCC2=C(O1)C=C(C3=C2OC(=C(C3=O)O)C4=CC=C(C=C4)OC)O)C,CC1(CCC2=C(O1)C=C(C3=C2OC(=C(C3=O)O)C4=CC=C(C=C4)OC)O)C,Anhydroicaritin
21159087,CCCCCC=CCC=CCCCCCCCCOC(=O)C,CCCCC/C=C\C/C=C\CCCCCCCCOC(=O)C,Linoleyl acetate
164676,CC1=COC2=C1C(=O)C(=O)C3=C2C=CC4=C3CCCC4(C)C,CC1=COC2=C1C(=O)C(=O)C3=C2C=CC4=C3CCCC4(C)C,tanshinone iia
10355691,CC1=C(C(=O)C=C2C3=C(C=CC2=C1)C(CCC3)(C)C)O,CC1=C(C(=O)C=C2C3=C(C=CC2=C1)C(CCC3)(C)C)O,salviolone
24177556,C1=CC(=C(C=C1CC(C(=O)O)OC(=O)C=CC2=CC3=C(C=C2)OC(C(O3)C(=O)O)C4=CC(=C(C=C4)O)O)O)O,C1=CC(=C(C=C1CC(C(=O)O)OC(=O)/C=C/C2=CC3=C(C=C2)O[C@@H]([C@@H](O3)C(=O)O)C4=CC(=C(C=C4)O)O)O)O,salvianolic acid j
16090911,CC(C)C1=CC2=C(C(=O)C(=C1O)C(=O)C)C34CCCC(C3C(C2OC4O)O)(C)C,CC(C)C1=CC2=C(C(=O)C(=C1O)C(=O)C)[C@@]34CCCC([C@@H]3[C@H]([C@@H]2O[C@H]4O)O)(C)C,przewalskin a
15690458,CC(C)C1=C(C2=C(C3=C(C=C2)C(CCC3)(C)C)C(=O)C1=O)O,CC(C)C1=C(C2=C(C3=C(C=C2)C(CCC3)(C)C)C(=O)C1=O)O,neocryptotanshinone ii
3083514,CC1COC2=C1C(=O)C(C3=C2C=CC4=C(C=CC=C43)C)(CC(=O)C)O,C[C@H]1COC2=C1C(=O)[C@@](C3=C2C=CC4=C(C=CC=C43)C)(CC(=O)C)O,Danshenol A
163263,CC1(CCCC2(C1CCC(C2CCC(C)(C=C)O)(C)O)C)C,C[C@]12CCCC([C@@H]1CC[C@@]([C@@H]2CC[C@](C)(C=C)O)(C)O)(C)C,sclareol
5315397,CC1(C=CC2=C(O1)C(=CC(=C2)C3=CC(=O)C4=C(C=C(C=C4O3)O)O)O)C,CC1(C=CC2=C(O1)C(=CC(=C2)C3=CC(=O)C4=C(C=C(C=C4O3)O)O)O)C,Yinyanghuo E
285342,CC(C)CCC(CC(=O)OC)(C(=O)OC1C2C3=CC4=C(C=C3CCN5C2(CCC5)C=C1OC)OCO4)O,CC(C)CC[C@@](CC(=O)OC)(C(=O)O[C@H]1[C@H]2C3=CC4=C(C=C3CCN5[C@@]2(CCC5)C=C1OC)OCO4)O,Deoxyharringtonine
98476,CC(C)CCC(CC(=O)OC)(C(=O)OC1C2C3=CC4=C(C=C3CCN5C2(CCC5)C=C1OC)OCO4)O,CC(C)CCC(CC(=O)OC)(C(=O)OC1C2C3=CC4=C(C=C3CCN5C2(CCC5)C=C1OC)OCO4)O,Deoxyharringtonine
56840949,CC(C)CCC(CC(=O)OC)(C(=O)OC1C2C3=CC4=C(C=C3CCN5C2(CCC5)C=C1OC)OCO4)O,CC(C)CC[C@](CC(=O)OC)(C(=O)OC1[C@H]2C3=CC4=C(C=C3CCN5C2(CCC5)C=C1OC)OCO4)O,Deoxyharringtonine
94162,CC(C)C1=C(C=C2C(=C1)C(=O)CC3C2(CCCC3(C)C)C)O,CC(C)C1=C(C=C2C(=C1)C(=O)C[C@@H]3[C@@]2(CCCC3(C)C)C)O,NSC 122421
64982,C1=CC=C(C=C1)C2=CC(=O)C3=C(C(=C(C=C3O2)OC4C(C(C(C(O4)C(=O)O)O)O)O)O)O,C1=CC=C(C=C1)C2=CC(=O)C3=C(C(=C(C=C3O2)O[C@H]4[C@@H]([C@H]([C@@H]([C@H](O4)C(=O)O)O)O)O)O)O,Baicalin
102004791,CC1CC2(C3=C(C4=CC=CC(=C4C=C3)C)C(=O)O2)OC1,C[C@H]1C[C@@]2(C3=C(C4=CC=CC(=C4C=C3)C)C(=O)O2)OC1,epidanshenspiroketallactone
5318997,CC1C(C(C(C(O1)OC2=C(OC3=C(C2=O)C(=CC(=C3CC=C(C)C)OC4C(C(C(C(O4)CO)O)O)O)O)C5=CC=C(C=C5)OC)O)O)O,C[C@H]1[C@@H]([C@H]([C@H]([C@@H](O1)OC2=C(OC3=C(C2=O)C(=CC(=C3CC=C(C)C)O[C@H]4[C@@H]([C@H]([C@@H]([C@H](O4)CO)O)O)O)O)C5=CC=C(C=C5)OC)O)O)O,Icariin
126072,CC1=COC2=C1C(=O)C(=O)C3=C2C=CC4=C3CCC(C4(C)O)O,CC1=COC2=C1C(=O)C(=O)C3=C2C=CC4=C3CC[C@H]([C@]4(C)O)O,Przewaquinone E
11495015,CC1CC2=CC3=C(C(=C2C4=C(C5=C(C=C4C(C1C)O)OCO5)OC)OC)OCO3,C[C@H]1CC2=CC3=C(C(=C2C4=C(C5=C(C=C4[C@@H]([C@H]1C)O)OCO5)OC)OC)OCO3,Gomisin R
11516888,CC1CC2=CC3=C(C(=C2C4=C(C5=C(C=C4C(C1C)O)OCO5)OC)OC)OCO3,C[C@H]1CC2=CC3=C(C(=C2C4=C(C5=C(C=C4[C@H]([C@H]1C)O)OCO5)OC)OC)OCO3,Gomisin R
15658448,CC1CC2=CC3=C(C(=C2C4=C(C5=C(C=C4C(C1C)O)OCO5)OC)OC)OCO3,C[C@@H]1CC2=CC3=C(C(=C2C4=C(C5=C(C=C4[C@@H]([C@@H]1C)O)OCO5)OC)OC)OCO3,Gomisin R
5319198,CC1(CCC2C(C3C1CCC3(C)O)OC(=O)C2=C)O,C[C@]1(CC[C@@H]2[C@@H]([C@@H]3[C@H]1CC[C@@]3(C)O)OC(=O)C2=C)O,Magnograndiolide
91864462,CC=C(C)C(=O)OC1C(C(CC2=CC3=C(C(=C2C4=C(C(=C(C=C14)OC)OC)OC)OC)OCO3)C)C,C/C=C(/C)\C(=O)O[C@@H]1[C@H]([C@H](CC2=CC3=C(C(=C2C4=C(C(=C(C=C14)OC)OC)OC)OC)OCO3)C)C,Angeloylgomisin O
5280343,C1=CC(=C(C=C1C2=C(C(=O)C3=C(C=C(C=C3O2)O)O)O)O)O,C1=CC(=C(C=C1C2=C(C(=O)C3=C(C=C(C=C3O2)O)O)O)O)O,quercetin
5280863,C1=CC(=CC=C1C2=C(C(=O)C3=C(C=C(C=C3O2)O)O)O)O,C1=CC(=CC=C1C2=C(C(=O)C3=C(C=C(C=C3O2)O)O)O)O,kaempferol
126071,CC1=COC2=C1C(=O)C(=O)C3=C2C=CC4=C3CCCC4(C)O,CC1=COC2=C1C(=O)C(=O)C3=C2C=CC4=C3CCCC4(C)O,przewaquinone c
56967683,CC1=COC2=C1C(=O)C(=O)C3=C2C=CC4=C3CCCC4(C)O,CC1=COC2=C1C(=O)C(=O)C3=C2C=CC4=C3CCC[C@]4(C)O,przewaquinone c
124307629,CC1=COC2=C1C(=O)C(=O)C3=C2C=CC4=C3CCCC4(C)O,CC1=COC2=C1C(=O)C(=O)C3=C2C=CC4=C3CCC[C@@]4(C)O,przewaquinone c
14609851,CC(C)C1=CC2=C(C3=C(C=C2)C(=C)CCC3)C(=O)C1=O,CC(C)C1=CC2=C(C3=C(C=C2)C(=C)CCC3)C(=O)C1=O,4-methylenemiltirone
11530200,C1C(C(=O)C2=CC3=C(C(=C(C=C3)O)O)OC4=C(C=CC1=C24)O)C(=O)O,C1C(C(=O)C2=CC3=C(C(=C(C=C3)O)O)OC4=C(C=CC1=C24)O)C(=O)O,salvianolic acid g
222284,CCC(CCC(C)C1CCC2C1(CCC3C2CC=C4C3(CCC(C4)O)C)C)C(C)C,CC[C@H](CC[C@@H](C)[C@H]1CC[C@@H]2[C@@]1(CC[C@H]3[C@H]2CC=C4[C@@]3(CC[C@@H](C4)O)C)C)C(C)C,beta-sitosterol
124268,CC1COC2=C1C(=O)C(=O)C3=C2C=CC4=C3CCCC4(C)C=O,CC1COC2=C1C(=O)C(=O)C3=C2C=CC4=C3CCCC4(C)C=O,tanshinaldehyde
457801,CCC(CCC(C)C1CCC2C1(CCC3C2CC=C4C3(CCC(C4)O)C)C)C(C)C,CC[C@@H](CC[C@@H](C)[C@H]1CC[C@@H]2[C@@]1(CC[C@H]3[C@H]2CC=C4[C@@]3(CC[C@@H](C4)O)C)C)C(C)C,poriferast-5-en-3beta-ol
821366,CN1CCC23C=C(C(=O)C=C2C1CC4=C3C(=C(C=C4)OC)O)OC,CN1CC[C@@]23C=C(C(=O)C=C2[C@@H]1CC4=C3C(=C(C=C4)OC)O)OC,Sinoacutine
5408233,CN1CCC23C=C(C(=O)C=C2C1CC4=C3C(=C(C=C4)OC)O)OC,CN1CC[C@]23C=C(C(=O)C=C2[C@H]1CC4=C3C(=C(C=C4)OC)O)OC,Sinoacutine
625160,CN1CCC23C=C(C(=O)C=C2C1CC4=C3C(=C(C=C4)OC)O)OC,CN1CCC23C=C(C(=O)C=C2C1CC4=C3C(=C(C=C4)OC)O)OC,Sinoacutine
165181,CN1CCC23C=C(C(=O)C=C2C1CC4=C3C(=C(C=C4)OC)O)OC,CN1CC[C@@]23C=C(C(=O)C=C2[C@H]1CC4=C3C(=C(C=C4)OC)O)OC,Sinoacutine
129716399,CC(C)C=CC1=C2C(=C(C=C1O)O)C(=O)C(=C(O2)C3=CC=C(C=C3)O)O,CC(C)/C=C/C1=C2C(=C(C=C1O)O)C(=O)C(=C(O2)C3=CC=C(C=C3)O)O,8-Isopentenyl-kaempferol
182464,CCC(C=CC(C)C1CCC2C1(CCC3C2C(C=C4C3(CCC(C4)O)C)O)C)C(C)C,CC[C@H](C=C[C@@H](C)[C@H]1CC[C@@H]2[C@@]1(CC[C@H]3[C@H]2[C@H](C=C4[C@@]3(CC[C@@H](C4)O)C)O)C)C(C)C,"Stigmasta-5,22-diene-3beta,7beta-diol"
6442694,CCC(C=CC(C)C1CCC2C1(CCC3C2C(C=C4C3(CCC(C4)O)C)O)C)C(C)C,CC[C@H](/C=C/[C@@H](C)[C@H]1CC[C@@H]2[C@@]1(CC[C@H]3[C@H]2[C@H](C=C4[C@@]3(CC[C@@H](C4)O)C)O)C)C(C)C,"Stigmasta-5,22-diene-3beta,7beta-diol"
135872,CC1=C2C=CC3=C(C2=CC=C1)C(=O)C(=O)C(=C3)C(C)C,CC1=C2C=CC3=C(C2=CC=C1)C(=O)C(=O)C(=C3)C(C)C,"2-isopropyl-8-methylphenanthrene-3,4-dione"
5281628,COC1=C(C2=C(C=C1O)OC(=CC2=O)C3=CC=C(C=C3)O)O,COC1=C(C2=C(C=C1O)OC(=CC2=O)C3=CC=C(C=C3)O)O,Dinatin
68081,CC(=CCOC1=C2C=CC(=O)OC2=CC3=C1C=CO3)C,CC(=CCOC1=C2C=CC(=O)OC2=CC3=C1C=CO3)C,isoimperatorin
94162,CC(C)C1=C(C=C2C(=C1)C(=O)CC3C2(CCCC3(C)C)C)O,CC(C)C1=C(C=C2C(=C1)C(=O)C[C@@H]3[C@@]2(CCCC3(C)C)C)O,sugiol
188456,CC1(CCCC2C1(CC(=O)C3=CC(CC(C23C)O)(C)C=C)O)C,C[C@]1(C[C@@H]([C@]2([C@@H]3CCCC([C@]3(CC(=O)C2=C1)O)(C)C)C)O)C=C,Ineketone
712316,C1=CC(=C(C=C1C2C(C(=O)C3=C(C=C(C=C3O2)O)O)O)O)O,C1=CC(=C(C=C1[C@H]2[C@@H](C(=O)C3=C(C=C(C=C3O2)O)O)O)O)O,(-)-taxifolin
5318785,CC=C(C)C(=O)OC1C2=CC(=C(C(=C2C3=C(C4=C(C=C3CC(C1(C)O)C)OCO4)OC)OC)OC)OC,C/C=C(\C)/C(=O)O[C@@H]1C2=CC(=C(C(=C2C3=C(C4=C(C=C3C[C@@H]([C@@]1(C)O)C)OCO4)OC)OC)OC)OC,Schizandrer B
15690458,CC(C)C1=C(C2=C(C3=C(C=C2)C(CCC3)(C)C)C(=O)C1=O)O,CC(C)C1=C(C2=C(C3=C(C=C2)C(CCC3)(C)C)C(=O)C1=O)O,deoxyneocryptotanshinone
3083515,CC1COC2=C1C(=O)C(C3=C2C=CC4=C3CCCC4(C)C)(CC(=O)C)O,C[C@H]1COC2=C1C(=O)[C@@](C3=C2C=CC4=C3CCCC4(C)C)(CC(=O)C)O,Danshenol B
160142,CC(C)C1=CC2=C(C3=C(C=C2)C(CCC3)(C)C)C(=O)C1=O,CC(C)C1=CC2=C(C3=C(C=C2)C(CCC3)(C)C)C(=O)C1=O,Miltirone
6602378,C1=CC=C2C(=C1)C(=CN2)CC(=NOS(=O)(=O)O)SC3C(C(C(C(O3)CO)O)O)O,C1=CC=C2C(=C1)C(=CN2)C/C(=N/OS(=O)(=O)O)/S[C@H]3[C@@H]([C@H]([C@@H]([C@H](O3)CO)O)O)O,glucobrassicin
656506,C1=CC=C2C(=C1)C(=CN2)CC(=NOS(=O)(=O)O)SC3C(C(C(C(O3)CO)O)O)O,C1=CC=C2C(=C1)C(=CN2)CC(=NOS(=O)(=O)O)S[C@H]3[C@@H]([C@H]([C@@H]([C@H](O3)CO)O)O)O,glucobrassicin
9601691,C1=CC=C2C(=C1)C(=CN2)CC(=NOS(=O)(=O)O)SC3C(C(C(C(O3)CO)O)O)O,C1=CC=C2C(=C1)C(=CN2)C/C(=N\OS(=O)(=O)O)/SC3C(C(C(C(O3)CO)O)O)O,glucobrassicin
5315395,CC1(C=CC2=C(O1)C=CC(=C2)C3=CC(=O)C4=C(C=C(C=C4O3)O)O)C,CC1(C=CC2=C(O1)C=CC(=C2)C3=CC(=O)C4=C(C=C(C=C4O3)O)O)C,Yinyanghuo C
162350,C1=CC(=CC=C1C2=CC(=O)C3=C(O2)C=C(C(=C3O)C4C(C(C(C(O4)CO)O)O)O)O)O,C1=CC(=CC=C1C2=CC(=O)C3=C(O2)C=C(C(=C3O)[C@H]4[C@@H]([C@H]([C@@H]([C@H](O4)CO)O)O)O)O)O,isovitexin
98914,CC(=CCCC1=CC(=O)C2=C(C=CC(=C2C1=O)O)O)C,CC(=CCCC1=CC(=O)C2=C(C=CC(=C2C1=O)O)O)C,Arnebin 7
10215,C1=CC=C2C(=C1)C(=C(N2)C3=NC4=CC=CC=C4C3=O)O,C1=CC=C2C(=C1)C(=C(N2)C3=NC4=CC=CC=C4C3=O)O,Indigo
10086184,CC1=C(C(=O)C=C2C(=C1)C3CC4C2(CCCC4(C)C)CO3)O,CC1=C(C(=O)C=C2C(=C1)[C@@H]3C[C@@H]4[C@@]2(CCCC4(C)C)CO3)O,miltipolone
5273570,COC1=C(C=CC(=C1)CC2(COC(C2CO)C3=CC(=C(C=C3)O)OC)O)O,COC1=C(C=CC(=C1)C[C@]2(CO[C@@H]([C@H]2CO)C3=CC(=C(C=C3)O)OC)O)O,olivil
129317076,COC1=C(C=CC(=C1)CC2(COC(C2CO)C3=CC(=C(C=C3)O)OC)O)O,COC1=C(C=CC(=C1)C[C@]2(COC(C2CO)C3=CC(=C(C=C3)O)OC)O)O,olivil
586733,COC1=C(C=CC(=C1)CC2(COC(C2CO)C3=CC(=C(C=C3)O)OC)O)O,COC1=C(C=CC(=C1)CC2(COC(C2CO)C3=CC(=C(C=C3)O)OC)O)O,olivil
44566587,COC1=C(C=CC(=C1)CC2(COC(C2CO)C3=CC(=C(C=C3)O)OC)O)O,COC1=C(C=CC(=C1)C[C@@]2(CO[C@H]([C@@H]2CO)C3=CC(=C(C=C3)O)OC)O)O,olivil
5280794,CCC(C=CC(C)C1CCC2C1(CCC3C2CC=C4C3(CCC(C4)O)C)C)C(C)C,CC[C@H](/C=C/[C@@H](C)[C@H]1CC[C@@H]2[C@@]1(CC[C@H]3[C@H]2CC=C4[C@@]3(CC[C@@H](C4)O)C)C)C(C)C,Stigmasterol
160254,CC1COC2=C1C(=O)C(=O)C3=C2C=CC4=C3CCCC4(C)C,C[C@H]1COC2=C1C(=O)C(=O)C3=C2C=CC4=C3CCCC4(C)C,cryptotanshinone
15596633,CCC(CCC(C)C1CCC2C1(CCC3C2CCC4=CC(=O)CCC34C)C)C(C)C,CCC(CC[C@@H](C)[C@H]1CC[C@@H]2[C@@]1(CC[C@H]3[C@H]2CCC4=CC(=O)CC[C@]34C)C)C(C)C,24-Ethylcholest-4-en-3-one
389888,CC(CO)C1=C(C2=C(C3=C(C=C2)C(CCC3)(C)C)C(=O)C1=O)O,C[C@@H](CO)C1=C(C2=C(C3=C(C=C2)C(CCC3)(C)C)C(=O)C1=O)O,neocryptotanshinone
184103,CC(CO)C1=C(C2=C(C3=C(C=C2)C(CCC3)(C)C)C(=O)C1=O)O,CC(CO)C1=C(C2=C(C3=C(C=C2)C(CCC3)(C)C)C(=O)C1=O)O,neocryptotanshinone
44425165,CC(CO)C1=C(C2=C(C3=C(C=C2)C(CCC3)(C)C)C(=O)C1=O)O,C[C@H](CO)C1=C(C2=C(C3=C(C=C2)C(CCC3)(C)C)C(=O)C1=O)O,neocryptotanshinone
44425166,CC1=C2C=CC3=C(C2=CC=C1)C4=C(C(=CO4)C)C(=O)C3=O,CC1=C2C=CC3=C(C2=CC=C1)C4=C(C(=CO4)C)C(=O)C3=O,Isotanshinone II
5321620,CC1=COC2=C1C(=O)C(=O)C3=C2C=CC4=C3CCC(C4(C)O)O,CC1=COC2=C1C(=O)C(=O)C3=C2C=CC4=C3CC[C@@H]([C@]4(C)O)O,Tanshindiol B
5281330,CCC(C=CC(C)C1CCC2C1(CCC3C2CC=C4C3(CCC(C4)O)C)C)C(C)C,CC[C@@H](/C=C/[C@@H](C)[C@H]1CC[C@@H]2[C@@]1(CC[C@H]3[C@H]2CC=C4[C@@]3(CC[C@@H](C4)O)C)C)C(C)C,Poriferasterol
442027,CC(C)C1=C(C=C2C(=C1)CCC3C2(CCCC3(C)C)C)O,CC(C)C1=C(C=C2C(=C1)CC[C@@H]3[C@@]2(CCCC3(C)C)C)O,C09092
10168,C1=CC2=C(C(=C1)O)C(=O)C3=C(C2=O)C=C(C=C3O)C(=O)O,C1=CC2=C(C(=C1)O)C(=O)C3=C(C2=O)C=C(C=C3O)C(=O)O,rhein
5365566,CCCCCC=CCC=CCCCCCCCCCC(=O)OC,CCCCC/C=C/C/C=C/CCCCCCCCCC(=O)OC,"methyl icosa-11,14-dienoate"
100633,COC1=C(OC2=C(C1=O)C=CC3=C2C=CO3)C4=CC=CC=C4,COC1=C(OC2=C(C1=O)C=CC3=C2C=CO3)C4=CC=CC=C4,Karanjin
222284,CCC(CCC(C)C1CCC2C1(CCC3C2CC=C4C3(CCC(C4)O)C)C)C(C)C,CC[C@H](CC[C@@H](C)[C@H]1CC[C@@H]2[C@@]1(CC[C@H]3[C@H]2CC=C4[C@@]3(CC[C@@H](C4)O)C)C)C(C)C,beta-sitosterol
3035320,CC12CN3C4C1C5(C3C6CC7CC5(C6(C4)C(C7=C)O)O)CC(C2O)OC(=O)C8=CC=CC=C8,C[C@]12CN3[C@H]4[C@H]1C5(C3C6C[C@H]7C[C@@]5(C6(C4)[C@@H](C7=C)O)O)C[C@H]([C@@H]2O)OC(=O)C8=CC=CC=C8,ignavine
71448929,CC12CN3C4C1C5(C3C6CC7CC5(C6(C4)C(C7=C)O)O)CC(C2O)OC(=O)C8=CC=CC=C8,C[C@]12CN3[C@@H]4[C@H]1[C@@]5(C3[C@H]6C[C@H]7C[C@@]5(C6(C4)[C@@H](C7=C)O)O)C[C@H]([C@@H]2O)OC(=O)C8=CC=CC=C8,ignavine
78358493,CC12CN3C4C1C5(C3C6CC7CC5(C6(C4)C(C7=C)O)O)CC(C2O)OC(=O)C8=CC=CC=C8,C[C@]12CN3[C@@H]4[C@H]1C5(C3[C@H]6C[C@H]7C[C@@]5(C6(C4)[C@@H](C7=C)O)O)C[C@H]([C@@H]2O)OC(=O)C8=CC=CC=C8,ignavine
101603143,CC12CN3C4C1C5(C3C6CC7CC5(C6(C4)C(C7=C)O)O)CC(C2O)OC(=O)C8=CC=CC=C8,C[C@@]12CN3[C@@H]4[C@H]1[C@@]5([C@H]3[C@H]6C[C@H]7C[C@@]5([C@]6(C4)[C@@H](C7=C)O)O)C[C@H]([C@@H]2O)OC(=O)C8=CC=CC=C8,ignavine
11452543,CCN1CC2(CCC(C34C2CC(C31)C5(CC(C6CC4C5C6O)OC)O)O)COC,CCN1C[C@@]2(CC[C@@H]([C@@]34[C@@H]2C[C@@H]([C@H]31)[C@]5(C[C@@H]([C@H]6C[C@@H]4[C@@H]5[C@H]6O)OC)O)O)COC,isotalatizidine
3084020,CCN1CC2(CCC(C34C2CC(C31)C5(CC(C6CC4C5C6O)OC)O)O)COC,CCN1C[C@]2(CC[C@@H]([C@@]34C2CC(C31)[C@]5(C[C@@H]([C@H]6CC4C5C6O)OC)O)O)COC,isotalatizidine
4586441,CCN1CC2(CCC(C34C2CC(C31)C5(CC(C6CC4C5C6O)OC)O)O)COC,CCN1CC2(CCC(C34C2CC(C31)C5(CC(C6CC4C5C6O)OC)O)O)COC,isotalatizidine
12304574,CCN1CC2(CCC(C34C2CC(C31)C5(CC(C6CC4C5C6O)OC)O)O)COC,CCN1C[C@@]2(CC[C@@H]([C@@]34[C@H]2C[C@@H](C31)[C@]5(C[C@@H]([C@H]6C[C@H]4[C@H]5[C@H]6O)OC)O)O)COC,isotalatizidine
16401028,CCN1CC2(CCC(C34C2CC(C31)C5(CC(C6CC4C5C6O)OC)O)O)COC,CCN1C[C@@]2(CC[C@@H]([C@@]34[C@@H]2C[C@@H](C31)[C@]5(C[C@@H]([C@H]6C[C@@H]4[C@@H]5[C@H]6O)OC)O)O)COC,isotalatizidine
78358512,CCN1CC2(CCC(C34C2CC(C31)C5(CC(C6CC4C5C6O)OC)O)O)COC,CCN1C[C@]2(CC[C@@H](C34C2CC(C31)[C@]5(C[C@@H]([C@H]6CC4C5C6O)OC)O)O)COC,isotalatizidine
138404392,CCN1CC2(CCC(C34C2CC(C31)C5(CC(C6CC4C5C6O)OC)O)O)COC,CCN1C[C@]2(CC[C@@H]([C@@]34[C@@H]2CC(C31)[C@]5(C[C@@H]([C@H]6CC4C5C6O)OC)O)O)COC,isotalatizidine
6688,C1=CC=C2C(=C1)C(=O)C3=C(C=CC(=C3C2=O)O)O,C1=CC=C2C(=C1)C(=O)C3=C(C=CC(=C3C2=O)O)O,Quinizarin
182251,CC1(C(O1)COC2=C3C(=CC4=C2OC=C4)C=CC(=O)O3)C,CC1(C(O1)COC2=C3C(=CC4=C2OC=C4)C=CC(=O)O3)C,Prangenin
899657,CC(C)(C(COC1=C2C=CC(=O)OC2=CC3=C1C=CO3)O)O,CC(C)([C@H](COC1=C2C=CC(=O)OC2=CC3=C1C=CO3)O)O,"4-[(2S)-2,3-dihydroxy-3-methylbutoxy]furo[3,2-g]chromen-7-one"
442761,CC1=CC2=C(C(=C1OC3C(C(C(C(O3)CO)O)O)O)OC)C(=O)C4=C(C2=O)C=CC=C4O,CC1=CC2=C(C(=C1O[C@H]3[C@@H]([C@H]([C@@H]([C@H](O3)CO)O)O)O)OC)C(=O)C4=C(C2=O)C=CC=C4O,gluco-obtusifolin
21679042,CC1=C(C2(CCC(C(C2CC1)(C)CO)O)C)CCC3=CCOC3=O,CC1=C([C@@]2(CC[C@H]([C@@]([C@H]2CC1)(C)CO)O)C)CCC3=CCOC3=O,Deoxyandrographolide
14137679,CC(=CCCC(=C)C1CCC2(C1CCC3C2(CCC4C3(CCC(C4(C)C)OC(=O)C)C)C)C)C,CC(=CCCC(=C)C1CCC2(C1CCC3C2(CCC4C3(CCC(C4(C)C)OC(=O)C)C)C)C)C,dammaradienyl acetate
179610,CC(=CCCC(=C)C1CCC2(C1CCC3C2(CCC4C3(CCC(C4(C)C)OC(=O)C)C)C)C)C,CC(=CCCC(=C)[C@H]1CC[C@]2([C@@H]1CC[C@H]3[C@]2(CCC4[C@@]3(CC[C@@H](C4(C)C)OC(=O)C)C)C)C)C,dammaradienyl acetate
14137680,CC(=CCCC(=C)C1CCC2(C1CCC3C2(CCC4C3(CCC(C4(C)C)OC(=O)C)C)C)C)C,CC(=CCCC(=C)[C@H]1CC[C@@]2([C@@H]1CC[C@H]3[C@]2(CC[C@@H]4[C@@]3(CC[C@@H](C4(C)C)OC(=O)C)C)C)C)C,dammaradienyl acetate
133561712,CC(=CCCC(=C)C1CCC2(C1CCC3C2(CCC4C3(CCC(C4(C)C)OC(=O)C)C)C)C)C,CC(=CCCC(=C)[C@@H]1CC[C@@]2([C@@H]1CCC3[C@@]2(CCC4[C@]3(CC[C@H](C4(C)C)OC(=O)C)C)C)C)C,dammaradienyl acetate
5365676,CCCCCC=CCC=CCCCCCCCC(=O)OC(CO)CO,CCCCC/C=C\C/C=C\CCCCCCCC(=O)OC(CO)CO,"Linolein, 2-mono-"
5363269,CCCCCCCCC=CCCCCCCCC(=O)OCC,CCCCCCCC/C=C\CCCCCCCC(=O)OCC,Ethyl oleate (NF)
76963334,CCN1CC2(C(CC(C34C2C(C(C31)C5(C6C4CC(C6OC(=O)C7=CC=C(C=C7)OC)(C(C5O)OC)O)OC(=O)C)OC)OC)O)COC,CCN1C[C@@]2([C@@H](C[C@@H]([C@@]34[C@@H]2[C@H]([C@@H]([C@H]31)[C@@]5([C@@H]6[C@H]4C[C@@]([C@@H]6OC(=O)C7=CC=C(C=C7)OC)([C@H]([C@@H]5O)OC)O)OC(=O)C)OC)OC)O)COC,jesaconitine
441741,CCN1CC2(C(CC(C34C2C(C(C31)C5(C6C4CC(C6OC(=O)C7=CC=C(C=C7)OC)(C(C5O)OC)O)OC(=O)C)OC)OC)O)COC,CCN1C[C@@]2([C@@H](C[C@@H]([C@@]34[C@@H]2[C@H]([C@@H](C31)[C@@]5([C@@H]6[C@H]4C[C@@]([C@@H]6OC(=O)C7=CC=C(C=C7)OC)([C@H]([C@@H]5O)OC)O)OC(=O)C)OC)OC)O)COC,jesaconitine
4481790,CCN1CC2(C(CC(C34C2C(C(C31)C5(C6C4CC(C6OC(=O)C7=CC=C(C=C7)OC)(C(C5O)OC)O)OC(=O)C)OC)OC)O)COC,CCN1CC2(C(CC(C34C2C(C(C31)C5(C6C4CC(C6OC(=O)C7=CC=C(C=C7)OC)(C(C5O)OC)O)OC(=O)C)OC)OC)O)COC,jesaconitine
146157499,CCN1CC2(C(CC(C34C2C(C(C31)C5(C6C4CC(C6OC(=O)C7=CC=C(C=C7)OC)(C(C5O)OC)O)OC(=O)C)OC)OC)O)COC,CCN1C[C@@]2(C(CC([C@@]34C2C(C(C31)[C@@]5(C6C4C[C@@](C6OC(=O)C7=CC=C(C=C7)OC)(C(C5O)OC)O)OC(=O)C)OC)OC)O)COC,jesaconitine
24721126,CCN1CC2(C(CC(C34C2C(C(C31)C5(C6C4CC(C6OC(=O)C7=CC=C(C=C7)OC)(C(C5O)OC)O)OC(=O)C)OC)OC)O)COC,CCN1C[C@@]2([C@@H](C[C@@H]([C@@]34[C@@H]2[C@H]([C@@H]([C@@H]31)[C@@]5([C@@H]6[C@H]4C[C@@]([C@@H]6OC(=O)C7=CC=C(C=C7)OC)([C@H]([C@@H]5O)OC)O)OC(=O)C)OC)OC)O)COC,jesaconitine
118701203,CCN1CC2(C(CC(C34C2C(C(C31)C5(C6C4CC(C6OC(=O)C7=CC=C(C=C7)OC)(C(C5O)OC)O)OC(=O)C)OC)OC)O)COC,CCN1C[C@@]2([C@@H](C[C@@H]([C@@]34[C@@H]2[C@H](C(C31)[C@@]5([C@@H]6[C@H]4C[C@@]([C@@H]6OC(=O)C7=CC=C(C=C7)OC)([C@H]([C@@H]5O)OC)O)OC(=O)C)OC)OC)O)COC,jesaconitine
10207,C1=CC2=C(C(=C1)O)C(=O)C3=C(C2=O)C=C(C=C3O)CO,C1=CC2=C(C(=C1)O)C(=O)C3=C(C2=O)C=C(C=C3O)CO,aloe-emodin
5317436,CC(=CCC1=C2C(=C(C3=C1OC=C3)O)C=CC(=O)O2)C,CC(=CCC1=C2C(=C(C3=C1OC=C3)O)C=CC(=O)O2)C,Alloisoimperatorin
155011,CC1=CC2=C(C(=C1O)OC)C(=O)C3=C(C(=C(C=C3C2=O)O)OC)O,CC1=CC2=C(C(=C1O)OC)C(=O)C3=C(C(=C(C=C3C2=O)O)OC)O,Aurantio-obtusin
5321980,CC1=CC2=CC3=CC(=CC(=C3C(=C2C(=O)O1)O)O)OC,CC1=CC2=CC3=CC(=CC(=C3C(=C2C(=O)O1)O)O)OC,Toralactone
173183,CC(C)C(C)CCC(C)C1CCC2C1(CCC3C2CC=C4C3(CCC(C4)O)C)C,C[C@H](CC[C@@H](C)C(C)C)[C@H]1CC[C@@H]2[C@@]1(CC[C@H]3[C@H]2CC=C4[C@@]3(CC[C@@H](C4)O)C)C,campest-5-en-3beta-ol
5280794,CCC(C=CC(C)C1CCC2C1(CCC3C2CC=C4C3(CCC(C4)O)C)C)C(C)C,CC[C@H](/C=C/[C@@H](C)[C@H]1CC[C@@H]2[C@@]1(CC[C@H]3[C@H]2CC=C4[C@@]3(CC[C@@H](C4)O)C)C)C(C)C,Stigmasterol
821449,CC(=CCOC1=C2C=COC2=C(C3=C1C=CC(=O)O3)OC)C,CC(=CCOC1=C2C=COC2=C(C3=C1C=CC(=O)O3)OC)C,Cnidilin
5282805,CCCCCC=CCC=CCCCCCCCCCC(=O)O,CCCCC/C=C/C/C=C/CCCCCCCCCC(=O)O,"11,14-eicosadienoic acid"
98608,CC(=CCOC1=C2C(=C(C3=C1OC(=O)C=C3)OC)C=CO2)C,CC(=CCOC1=C2C(=C(C3=C1OC(=O)C=C3)OC)C=CO2)C,Phellopterin
440988,C1CNC(C2=CC(=C(C=C21)O)O)CC3=CC=C(C=C3)O,C1CN[C@@H](C2=CC(=C(C=C21)O)O)CC3=CC=C(C=C3)O,(R)-Norcoclaurine
441737,CC(=O)OC12C3C(CC(C3OC(=O)C4=CC=CC=C4)(C(C1O)OC)O)C56C(CCC7(C5C(C2C6N(C7)C)OC)COC)OC,CC(=O)O[C@@]12[C@@H]3[C@@H](C[C@@]([C@@H]3OC(=O)C4=CC=CC=C4)([C@H]([C@@H]1O)OC)O)[C@]56[C@H](CC[C@@]7([C@H]5[C@H]([C@H]2C6N(C7)C)OC)COC)OC,hypaconitine
4526188,CC(=O)OC12C3C(CC(C3OC(=O)C4=CC=CC=C4)(C(C1O)OC)O)C56C(CCC7(C5C(C2C6N(C7)C)OC)COC)OC,CC(=O)OC12C3C(CC(C3OC(=O)C4=CC=CC=C4)(C(C1O)OC)O)C56C(CCC7(C5C(C2C6N(C7)C)OC)COC)OC,hypaconitine
91973803,CC(=O)OC12C3C(CC(C3OC(=O)C4=CC=CC=C4)(C(C1O)OC)O)C56C(CCC7(C5C(C2C6N(C7)C)OC)COC)OC,CC(=O)O[C@@]12[C@@H]3[C@@H](C[C@@]([C@@H]3OC(=O)C4=CC=CC=C4)([C@H]([C@@H]1O)OC)O)[C@]56[C@H](CC[C@@]7([C@H]5[C@H]([C@H]2[C@H]6N(C7)C)OC)COC)OC,hypaconitine
23337,CC(=O)OC12C3C(CC(C3OC(=O)C4=CC=CC=C4)(C(C1O)OC)O)C56C(CCC7(C5C(C2C6N(C7)C)OC)COC)OC,CC(=O)O[C@@]12[C@@H]3[C@@H](C[C@@](C3OC(=O)C4=CC=CC=C4)(C(C1O)OC)O)C56[C@@H]7C(C2[C@H]5N(CC7(CCC6OC)COC)C)OC,hypaconitine
92044463,CC(=O)OC12C3C(CC(C3OC(=O)C4=CC=CC=C4)(C(C1O)OC)O)C56C(CCC7(C5C(C2C6N(C7)C)OC)COC)OC,CC(=O)O[C@@]12[C@@H]3[C@@H](C[C@@]([C@@H]3OC(=O)C4=CC=CC=C4)([C@H]([C@@H]1O)OC)O)C56[C@H](CC[C@@]7([C@H]5[C@H](C2C6N(C7)C)OC)COC)OC,hypaconitine
77906396,CC(=O)OC12C3C(CC(C3OC(=O)C4=CC=CC=C4)(C(C1O)OC)O)C56C(CCC7(C5C(C2C6N(C7)C)OC)COC)OC,CC(=O)O[C@]12[C@@H]3[C@@H](C[C@@]([C@@H]3OC(=O)C4=CC=CC=C4)([C@@H]([C@@H]1O)OC)O)C56[C@H](CC[C@@]7([C@H]5[C@H](C2[C@H]6N(C7)C)OC)COC)OC,hypaconitine
156588451,CC(=O)OC12C3C(CC(C3OC(=O)C4=CC=CC=C4)(C(C1O)OC)O)C56C(CCC7(C5C(C2C6N(C7)C)OC)COC)OC,CC(=O)O[C@@]12[C@@H]3[C@@H](C[C@@](C3OC(=O)C4=CC=CC=C4)([C@H]([C@@H]1O)OC)O)C56[C@H](CC[C@@]7([C@H]5[C@H](C2C6N(C7)C)OC)COC)OC,hypaconitine
10008952,CC(=O)OC12C3C(CC(C3OC(=O)C4=CC=CC=C4)(C(C1O)OC)O)C56C(CCC7(C5C(C2C6N(C7)C)OC)COC)OC,CC(=O)O[C@@]12[C@@H]3[C@@H](C[C@@]([C@@H]3OC(=O)C4=CC=CC=C4)([C@H]([C@@H]1O)OC)O)[C@]56[C@H](CC[C@@]7([C@H]5[C@H](C2C6N(C7)C)OC)COC)OC,hypaconitine
102004422,CC(=O)OC12C3C(CC(C3OC(=O)C4=CC=CC=C4)(C(C1O)OC)O)C56C(CCC7(C5C(C2C6N(C7)C)OC)COC)OC,CC(=O)O[C@@]12[C@@H]3[C@@H](C[C@@]([C@@H]3OC(=O)C4=CC=CC=C4)([C@H]([C@@H]1O)OC)O)[C@]56[C@H](CC[C@@]7([C@H]5[C@H](C2[C@H]6N(C7)C)OC)COC)OC,hypaconitine
146159523,CC(=O)OC12C3C(CC(C3OC(=O)C4=CC=CC=C4)(C(C1O)OC)O)C56C(CCC7(C5C(C2C6N(C7)C)OC)COC)OC,CC(=O)O[C@@]12C3C(C[C@@](C3OC(=O)C4=CC=CC=C4)(C(C1O)OC)O)[C@]56C(CC[C@@]7(C5C(C2C6N(C7)C)OC)COC)OC,hypaconitine
6426869,CC(=O)OC12C3C(CC(C3OC(=O)C4=CC=CC=C4)(C(C1O)OC)O)C56C(CCC7(C5C(C2C6N(C7)C)OC)COC)OC,CC(=O)O[C@@]12[C@H]3[C@@H](C4[C@]5(CC[C@@H]([C@@]4(C3N(C5)C)C6C1C(C(C6)([C@H]([C@@H]2O)OC)O)OC(=O)C7=CC=CC=C7)OC)COC)OC,hypaconitine
12310726,CC(=O)OC12C3C(CC(C3OC(=O)C4=CC=CC=C4)(C(C1O)OC)O)C56C(CCC7(C5C(C2C6N(C7)C)OC)COC)OC,CC(=O)O[C@@]12[C@H]3[C@@H](C4[C@]5(CC[C@H]([C@@]4([C@@H]3N(C5)C)C6C1[C@H]([C@](C6)(C(C2O)OC)O)OC(=O)C7=CC=CC=C7)OC)COC)OC,hypaconitine
71771687,CC(=O)OC12C3C(CC(C3OC(=O)C4=CC=CC=C4)(C(C1O)OC)O)C56C(CCC7(C5C(C2C6N(C7)C)OC)COC)OC,CC(=O)O[C@@]12[C@@H]3[C@@H](C[C@@]([C@@H]3OC(=O)C4=CC=CC=C4)([C@H]([C@@H]1O)OC)O)[C@]56[C@H](CC[C@@]7([C@H]5[C@H]([C@H]2[C@@H]6N(C7)C)OC)COC)OC,hypaconitine
122173155,CC(=O)OC12C3C(CC(C3OC(=O)C4=CC=CC=C4)(C(C1O)OC)O)C56C(CCC7(C5C(C2C6N(C7)C)OC)COC)OC,CC(=O)O[C@@]12[C@@H]3[C@@H](C[C@@]([C@@H]3OC(=O)C4=CC=CC=C4)([C@H]([C@H]1O)OC)O)[C@@]56[C@@H](CC[C@]7([C@H]5[C@@H]([C@@H]2[C@H]6N(C7)C)OC)COC)OC,hypaconitine
131675183,CC(=O)OC12C3C(CC(C3OC(=O)C4=CC=CC=C4)(C(C1O)OC)O)C56C(CCC7(C5C(C2C6N(C7)C)OC)COC)OC,CC(=O)O[C@@]12[C@@H]3[C@@H](C[C@@]([C@@H]3OC(=O)C4=CC=CC=C4)([C@H]([C@@H]1O)OC)O)[C@@]56[C@H](CC[C@@]7([C@H]5[C@H]([C@H]2C6N(C7)C)OC)COC)OC,hypaconitine
131676214,CC(=O)OC12C3C(CC(C3OC(=O)C4=CC=CC=C4)(C(C1O)OC)O)C56C(CCC7(C5C(C2C6N(C7)C)OC)COC)OC,CC(=O)O[C@@]12[C@@H]3[C@@H](C[C@@](C3OC(=O)C4=CC=CC=C4)(C(C1O)OC)O)C56[C@@H]7C(C2[C@@H]5N(CC7(CCC6OC)COC)C)OC,hypaconitine
134715566,CC(=O)OC12C3C(CC(C3OC(=O)C4=CC=CC=C4)(C(C1O)OC)O)C56C(CCC7(C5C(C2C6N(C7)C)OC)COC)OC,CC(=O)O[C@@]12[C@@H]3[C@@H](C[C@]([C@@H]3OC(=O)C4=CC=CC=C4)([C@H]([C@@H]1O)OC)O)[C@]56[C@H](CC[C@@]7([C@H]5[C@H]([C@H]2C6N(C7)C)OC)COC)OC,hypaconitine
10212,CC(=CCOC1=C2C(=CC3=C1OC=C3)C=CC(=O)O2)C,CC(=CCOC1=C2C(=CC3=C1OC=C3)C=CC(=O)O2)C,Ammidin
68081,CC(=CCOC1=C2C=CC(=O)OC2=CC3=C1C=CO3)C,CC(=CCOC1=C2C=CC(=O)OC2=CC3=C1C=CO3)C,isoimperatorin
69502,CC(=CCC1=C2C=CC(=O)OC2=C(C3=C1C=CO3)O)C,CC(=CCC1=C2C=CC(=O)OC2=C(C3=C1C=CO3)O)C,Prangenidin
155380,CC1=CC2=C(C(=C1O)OC)C(=O)C3=C(C(=C(C=C3C2=O)OC)OC)O,CC1=CC2=C(C(=C1O)OC)C(=O)C3=C(C(=C(C=C3C2=O)OC)OC)O,Obtusin
906525,CC=C(C)C(=O)OC(C)(C)C1CC2=C(O1)C=C3C(=C2)C=CC(=O)O3,C/C=C(\C)/C(=O)OC(C)(C)[C@@H]1CC2=C(O1)C=C3C(=C2)C=CC(=O)O3,Deltoin
155380,CC1=CC2=C(C(=C1O)OC)C(=O)C3=C(C(=C(C=C3C2=O)OC)OC)O,CC1=CC2=C(C(=C1O)OC)C(=O)C3=C(C(=C(C=C3C2=O)OC)OC)O,obtusin
441742,CCN1CC2(CCC(C34C2CC(C31)C5(CC(C6CC4C5C6O)OC)O)O)C,CCN1C[C@@]2(CC[C@@H]([C@@]34[C@@H]2C[C@@H](C31)[C@]5(C[C@@H]([C@H]6C[C@@H]4[C@@H]5[C@H]6O)OC)O)O)C,karakoline
170157,CCN1CC2(CCC(C34C2CC(C31)C5(CC(C6CC4C5C6O)OC)O)O)C,CCN1CC2(CCC(C34C2CC(C31)C5(CC(C6CC4C5C6O)OC)O)O)C,karakoline
156588485,CCN1CC2(CCC(C34C2CC(C31)C5(CC(C6CC4C5C6O)OC)O)O)C,CCN1C[C@@]2(CC[C@@H]([C@]34[C@@H]2C[C@@H]([C@H]31)[C@]5(C[C@@H]([C@H]6C[C@@H]4[C@@H]5[C@H]6O)OC)O)O)C,karakoline
5281278,CCN1CC2(CCC(C34C2CC(C31)C5(CC(C6CC4C5C6O)OC)O)O)C,CCN1C[C@@]2(CC[C@@H]([C@@]34[C@@H]2C[C@H](C31)[C@]5(C[C@@H]([C@H]6C[C@@H]4[C@@H]5[C@H]6O)OC)O)O)C,karakoline
6713968,CCN1CC2(CCC(C34C2CC(C31)C5(CC(C6CC4C5C6O)OC)O)O)C,CCN1C[C@@]2(CC[C@@H](C34[C@H]1C(CC23)[C@]5(C[C@@H]([C@H]6CC4C5C6O)OC)O)O)C,karakoline
11957575,CCN1CC2(CCC(C34C2CC(C31)C5(CC(C6CC4C5C6O)OC)O)O)C,CCN1C[C@@]2(CC[C@@H]([C@@]34C2C[C@@H](C31)[C@]5(C[C@@H]([C@H]6CC4C5[C@H]6O)OC)O)O)C,karakoline
13343322,CCN1CC2(CCC(C34C2CC(C31)C5(CC(C6CC4C5C6O)OC)O)O)C,CCN1C[C@@]2(CC[C@@H]([C@@]34C2C[C@H](C31)[C@]5(C[C@@H]([C@@H]6CC4C5[C@H]6O)OC)O)O)C,karakoline
23640526,CCN1CC2(CCC(C34C2CC(C31)C5(CC(C6CC4C5C6O)OC)O)O)C,CCN1C[C@@]2(CC[C@@H]([C@]34[C@H]1[C@H](CC23)[C@]5(C[C@@H]([C@H]6CC4C5[C@H]6O)OC)O)O)C,karakoline
23986045,CCN1CC2(CCC(C34C2CC(C31)C5(CC(C6CC4C5C6O)OC)O)O)C,CCN1C[C@@]2(CC[C@@H]([C@@]34[C@@H]2C[C@@H](C31)[C@]5(C[C@@H]([C@H]6C[C@@H]4[C@@H]5C6O)OC)O)O)C,karakoline
24867506,CCN1CC2(CCC(C34C2CC(C31)C5(CC(C6CC4C5C6O)OC)O)O)C,CCN1C[C@@]2(CC[C@@H]([C@@]34[C@H]2C[C@@H]([C@H]31)[C@]5(C[C@@H]([C@H]6C[C@@H]4C5[C@H]6O)OC)O)O)C,karakoline
98052169,CCN1CC2(CCC(C34C2CC(C31)C5(CC(C6CC4C5C6O)OC)O)O)C,CCN1C[C@@]2(CC[C@@H]([C@@]34[C@@H]2C[C@@H]([C@@H]31)[C@]5(C[C@@H]([C@H]6C[C@@H]4[C@@H]5[C@H]6O)OC)O)O)C,karakoline
137706265,CCN1CC2(CCC(C34C2CC(C31)C5(CC(C6CC4C5C6O)OC)O)O)C,CCN1C[C@@]2(CC[C@@H]([C@@]34[C@@H]2CC(C31)[C@]5(C[C@@H]([C@H]6C[C@@H]4[C@@H]5[C@H]6O)OC)O)O)C,karakoline
13023741,CC(CCC=C(C)C)C1CCC2(C1(CCC34C2CCC5C3(C4)CCC(C5(C)C)OC(=O)C)C)C,C[C@H](CCC=C(C)C)[C@H]1CC[C@@]2([C@@]1(CC[C@]34[C@H]2CC[C@@H]5[C@]3(C4)CC[C@@H](C5(C)C)OC(=O)C)C)C,cycloartenol acetate
518616,CC(CCC=C(C)C)C1CCC2(C1(CCC34C2CCC5C3(C4)CCC(C5(C)C)OC(=O)C)C)C,CC(CCC=C(C)C)C1CCC2(C1(CCC34C2CCC5C3(C4)CCC(C5(C)C)OC(=O)C)C)C,cycloartenol acetate
5365625,CCCCCCCCCC=CCCCCCCC(=O)OCCCO,CCCCCCCCC/C=C\CCCCCCC(=O)OCCCO,propyleneglycol monoleate
21598997,CCN1CC2(CCC(C34C2C(C(C31)C5(C6C4CC(C6OC(=O)C7=CC=CC=C7)(C(C5O)OC)O)OC(=O)C)OC)OC)COC,CCN1C[C@@]2(CC[C@@H]([C@@]34[C@@H]2[C@H]([C@@H](C31)[C@@]5([C@@H]6[C@H]4C[C@@]([C@@H]6OC(=O)C7=CC=CC=C7)([C@H]([C@@H]5O)OC)O)OC(=O)C)OC)OC)COC,deoxyaconitine
24883594,CCN1CC2(CCC(C34C2C(C(C31)C5(C6C4CC(C6OC(=O)C7=CC=CC=C7)(C(C5O)OC)O)OC(=O)C)OC)OC)COC,CCN1C[C@@]2(CCC(C34[C@@H]2C(C(C31)[C@@]5([C@@H]6[C@@H]4C[C@]([C@@H]6OC(=O)C7=CC=CC=C7)([C@H]([C@@H]5O)OC)O)OC(=O)C)OC)OC)COC,deoxyaconitine
156595223,CCN1CC2(CCC(C34C2C(C(C31)C5(C6C4CC(C6OC(=O)C7=CC=CC=C7)(C(C5O)OC)O)OC(=O)C)OC)OC)COC,CCN1C[C@@]2(CC[C@@H](C34[C@@H]2[C@H](C(C31)[C@@]5([C@@H]6[C@H]4C[C@@](C6OC(=O)C7=CC=CC=C7)([C@H]([C@@H]5O)OC)O)OC(=O)C)OC)OC)COC,deoxyaconitine
44445634,CCN1CC2(CCC(C34C2C(C(C31)C5(C6C4CC(C6OC(=O)C7=CC=CC=C7)(C(C5O)OC)O)OC(=O)C)OC)OC)COC,CCN1C[C@@]2(CC[C@@H]([C@@]34[C@@H]2[C@H](C(C31)[C@@]5([C@@H]6[C@H]4C[C@@]([C@@H]6OC(=O)C7=CC=CC=C7)([C@H]([C@@H]5O)OC)O)OC(=O)C)OC)OC)COC,deoxyaconitine
60155415,CCN1CC2(CCC(C34C2C(C(C31)C5(C6C4CC(C6OC(=O)C7=CC=CC=C7)(C(C5O)OC)O)OC(=O)C)OC)OC)COC,CCN1C[C@@]2(CC[C@@H]([C@@]34[C@@H]2[C@H]([C@@H]([C@H]31)[C@@]5([C@@H]6[C@H]4C[C@@]([C@@H]6OC(=O)C7=CC=CC=C7)([C@H]([C@@H]5O)OC)O)OC(=O)C)OC)OC)COC,deoxyaconitine
78358503,CCN1CC2(CCC(C34C2C(C(C31)C5(C6C4CC(C6OC(=O)C7=CC=CC=C7)(C(C5O)OC)O)OC(=O)C)OC)OC)COC,CCN1C[C@@]2(CC[C@@H](C34[C@@H]2[C@H](C(C31)[C@@]5([C@@H]6[C@H]4C[C@@]([C@@H]6OC(=O)C7=CC=CC=C7)([C@H]([C@@H]5O)OC)O)OC(=O)C)OC)OC)COC,deoxyaconitine
6426870,CCN1CC2(CCC(C34C2C(C(C31)C5(C6C4CC(C6OC(=O)C7=CC=CC=C7)(C(C5O)OC)O)OC(=O)C)OC)OC)COC,CCN1C[C@@]2(CC[C@@H]([C@]34C1[C@H]([C@@H](C23)OC)[C@]5([C@H]([C@@H](C6(CC4C5C6OC(=O)C7=CC=CC=C7)O)OC)O)OC(=O)C)OC)COC,deoxyaconitine
162533998,CCN1CC2(CCC(C34C2C(C(C31)C5(C6C4CC(C6OC(=O)C7=CC=CC=C7)(C(C5O)OC)O)OC(=O)C)OC)OC)COC,CCN1C[C@@]2(CC[C@@H]([C@@]34[C@@H]2[C@H](C([C@@H]31)[C@@]5([C@@H]6[C@H]4C[C@@]([C@@H]6OC(=O)C7=CC=CC=C7)([C@H]([C@@H]5O)OC)O)OC(=O)C)OC)OC)COC,deoxyaconitine
3055167,CC1(C(O1)COC2=C3C(=C(C4=C2OC(=O)C=C4)OC)C=CO3)C,CC1([C@H](O1)COC2=C3C(=C(C4=C2OC(=O)C=C4)OC)C=CO3)C,Byakangelicol
145709631,CC(CCC=C(C)C(=O)O)C1CCC2(C(C1=C)CC3=C2CCC4C3(CCC(=O)C4(C)C)C)C,C[C@H](CC/C=C(/C)\C(=O)O)[C@H]1CC[C@@]2([C@H](C1=C)CC3=C2CC[C@@H]4[C@@]3(CCC(=O)C4(C)C)C)C,Neokadsuranic acid B
222284,CCC(CCC(C)C1CCC2C1(CCC3C2CC=C4C3(CCC(C4)O)C)C)C(C)C,CC[C@H](CC[C@@H](C)[C@H]1CC[C@@H]2[C@@]1(CC[C@H]3[C@H]2CC=C4[C@@]3(CC[C@@H](C4)O)C)C)C(C)C,sitosterol
72537,CC1=CC(=O)C2=C(C3=C(C=C(C=C3C=C2O1)OC)O)O,CC1=CC(=O)C2=C(C3=C(C=C(C=C3C=C2O1)OC)O)O,Rubrofusarin
5282184,CCCCCC=CCC=CCCCCCCCC(=O)OCC,CCCCC/C=C\C/C=C\CCCCCCCC(=O)OCC,Mandenol
638072,CC(=CCCC(=CCCC(=CCCC=C(C)CCC=C(C)CCC=C(C)C)C)C)C,CC(=CCC/C(=C/CC/C(=C/CC/C=C(/CC/C=C(/CCC=C(C)C)\C)\C)/C)/C)C,Supraene
5280343,C1=CC(=C(C=C1C2=C(C(=O)C3=C(C=C(C=C3O2)O)O)O)O)O,C1=CC(=C(C=C1C2=C(C(=O)C3=C(C=C(C=C3O2)O)O)O)O)O,quercetin
